sample_index,split,rule_id,antecedent,consequent_label,firing_strength,normalized_firing_strength,label_equation_output,rule_contribution,predicted,RawFPcounts,Input,File,actual
0,all,R1,IF (RawFPcounts IS Low) AND (Input IS Low) AND (File IS Low),Very_Low,0.0,0.0,-0.9199741587888774,-0.0,11.755311636199455,0.5637452474585122,1.0,0.28125,11.1
0,all,R2,IF (RawFPcounts IS Low) AND (Input IS Low) AND (File IS Medium),Low,0.0,0.0,18.289690837290113,0.0,11.755311636199455,0.5637452474585122,1.0,0.28125,11.1
0,all,R3,IF (RawFPcounts IS Low) AND (Input IS Low) AND (File IS High),Medium,0.0,0.0,13.109069132063937,0.0,11.755311636199455,0.5637452474585122,1.0,0.28125,11.1
0,all,R4,IF (RawFPcounts IS Low) AND (Input IS Medium) AND (File IS Low),Low,0.0,0.0,18.289690837290113,0.0,11.755311636199455,0.5637452474585122,1.0,0.28125,11.1
0,all,R5,IF (RawFPcounts IS Low) AND (Input IS Medium) AND (File IS Medium),Medium,0.0,0.0,13.109069132063937,0.0,11.755311636199455,0.5637452474585122,1.0,0.28125,11.1
0,all,R6,IF (RawFPcounts IS Low) AND (Input IS Medium) AND (File IS High),Medium,0.0,0.0,13.109069132063937,0.0,11.755311636199455,0.5637452474585122,1.0,0.28125,11.1
0,all,R7,IF (RawFPcounts IS Low) AND (Input IS High) AND (File IS Medium),Medium,0.0,0.0,13.109069132063937,0.0,11.755311636199455,0.5637452474585122,1.0,0.28125,11.1
0,all,R8,IF (RawFPcounts IS Low) AND (Input IS High) AND (File IS High),High,0.0,0.0,11.744867954498023,0.0,11.755311636199455,0.5637452474585122,1.0,0.28125,11.1
0,all,R9,IF (RawFPcounts IS Medium) AND (Input IS Low) AND (File IS Low),Low,0.0,0.0,18.289690837290113,0.0,11.755311636199455,0.5637452474585122,1.0,0.28125,11.1
0,all,R10,IF (RawFPcounts IS Medium) AND (Input IS Low) AND (File IS Medium),Medium,0.0,0.0,13.109069132063937,0.0,11.755311636199455,0.5637452474585122,1.0,0.28125,11.1
0,all,R11,IF (RawFPcounts IS Medium) AND (Input IS Low) AND (File IS High),Medium,0.0,0.0,13.109069132063937,0.0,11.755311636199455,0.5637452474585122,1.0,0.28125,11.1
0,all,R12,IF (RawFPcounts IS Medium) AND (Input IS Medium) AND (File IS Low),Medium,0.0012141692018959405,0.003819204542474276,13.109069132063937,0.0500662163767879,11.755311636199455,0.5637452474585122,1.0,0.28125,11.1
0,all,R13,IF (RawFPcounts IS Medium) AND (Input IS Medium) AND (File IS Medium),Medium,0.0012196118262396808,0.0038363244756632713,13.109069132063937,0.05029064276449875,11.755311636199455,0.5637452474585122,1.0,0.28125,11.1
0,all,R14,IF (RawFPcounts IS Medium) AND (Input IS Medium) AND (File IS High),High,0.0,0.0,11.744867954498023,0.0,11.755311636199455,0.5637452474585122,1.0,0.28125,11.1
0,all,R15,IF (RawFPcounts IS Medium) AND (Input IS High) AND (File IS Medium),High,0.3154777600775784,0.9923444709818624,11.744867954498023,11.654954777058169,11.755311636199455,0.5637452474585122,1.0,0.28125,11.1
0,all,R16,IF (RawFPcounts IS Medium) AND (Input IS High) AND (File IS High),High,0.0,0.0,11.744867954498023,0.0,11.755311636199455,0.5637452474585122,1.0,0.28125,11.1
0,all,R17,IF (RawFPcounts IS High) AND (Input IS Low) AND (File IS Medium),Medium,0.0,0.0,13.109069132063937,0.0,11.755311636199455,0.5637452474585122,1.0,0.28125,11.1
0,all,R18,IF (RawFPcounts IS High) AND (Input IS Medium) AND (File IS Medium),High,0.0,0.0,11.744867954498023,0.0,11.755311636199455,0.5637452474585122,1.0,0.28125,11.1
0,all,R19,IF (RawFPcounts IS High) AND (Input IS Medium) AND (File IS High),High,0.0,0.0,11.744867954498023,0.0,11.755311636199455,0.5637452474585122,1.0,0.28125,11.1
0,all,R20,IF (RawFPcounts IS High) AND (Input IS High) AND (File IS High),Very_High,0.0,0.0,0.0,0.0,11.755311636199455,0.5637452474585122,1.0,0.28125,11.1
1,all,R1,IF (RawFPcounts IS Low) AND (Input IS Low) AND (File IS Low),Very_Low,0.0,0.0,2.751638859740222,0.0,15.747795926666113,0.7677169851345398,0.5238095238095238,0.28125,21.1
1,all,R2,IF (RawFPcounts IS Low) AND (Input IS Low) AND (File IS Medium),Low,0.0,0.0,36.68495828185743,0.0,15.747795926666113,0.7677169851345398,0.5238095238095238,0.28125,21.1
1,all,R3,IF (RawFPcounts IS Low) AND (Input IS Low) AND (File IS High),Medium,0.0,0.0,14.737338181737051,0.0,15.747795926666113,0.7677169851345398,0.5238095238095238,0.28125,21.1
1,all,R4,IF (RawFPcounts IS Low) AND (Input IS Medium) AND (File IS Low),Low,0.0,0.0,36.68495828185743,0.0,15.747795926666113,0.7677169851345398,0.5238095238095238,0.28125,21.1
1,all,R5,IF (RawFPcounts IS Low) AND (Input IS Medium) AND (File IS Medium),Medium,0.0,0.0,14.737338181737051,0.0,15.747795926666113,0.7677169851345398,0.5238095238095238,0.28125,21.1
1,all,R6,IF (RawFPcounts IS Low) AND (Input IS Medium) AND (File IS High),Medium,0.0,0.0,14.737338181737051,0.0,15.747795926666113,0.7677169851345398,0.5238095238095238,0.28125,21.1
1,all,R7,IF (RawFPcounts IS Low) AND (Input IS High) AND (File IS Medium),Medium,0.0,0.0,14.737338181737051,0.0,15.747795926666113,0.7677169851345398,0.5238095238095238,0.28125,21.1
1,all,R8,IF (RawFPcounts IS Low) AND (Input IS High) AND (File IS High),High,0.0,0.0,16.725824677343034,0.0,15.747795926666113,0.7677169851345398,0.5238095238095238,0.28125,21.1
1,all,R9,IF (RawFPcounts IS Medium) AND (Input IS Low) AND (File IS Low),Low,0.0,0.0,36.68495828185743,0.0,15.747795926666113,0.7677169851345398,0.5238095238095238,0.28125,21.1
1,all,R10,IF (RawFPcounts IS Medium) AND (Input IS Low) AND (File IS Medium),Medium,0.0,0.0,14.737338181737051,0.0,15.747795926666113,0.7677169851345398,0.5238095238095238,0.28125,21.1
1,all,R11,IF (RawFPcounts IS Medium) AND (Input IS Low) AND (File IS High),Medium,0.0,0.0,14.737338181737051,0.0,15.747795926666113,0.7677169851345398,0.5238095238095238,0.28125,21.1
1,all,R12,IF (RawFPcounts IS Medium) AND (Input IS Medium) AND (File IS Low),Medium,0.06903387802776119,0.24537295155900324,14.737338181737051,3.616144167776014,15.747795926666113,0.7677169851345398,0.5238095238095238,0.28125,21.1
1,all,R13,IF (RawFPcounts IS Medium) AND (Input IS Medium) AND (File IS Medium),Medium,0.06934332869123544,0.24647285822552475,14.737338181737051,3.632353864288889,15.747795926666113,0.7677169851345398,0.5238095238095238,0.28125,21.1
1,all,R14,IF (RawFPcounts IS Medium) AND (Input IS Medium) AND (File IS High),High,0.0,0.0,16.725824677343034,0.0,15.747795926666113,0.7677169851345398,0.5238095238095238,0.28125,21.1
1,all,R15,IF (RawFPcounts IS Medium) AND (Input IS High) AND (File IS Medium),High,0.0,0.0,16.725824677343034,0.0,15.747795926666113,0.7677169851345398,0.5238095238095238,0.28125,21.1
1,all,R16,IF (RawFPcounts IS Medium) AND (Input IS High) AND (File IS High),High,0.0,0.0,16.725824677343034,0.0,15.747795926666113,0.7677169851345398,0.5238095238095238,0.28125,21.1
1,all,R17,IF (RawFPcounts IS High) AND (Input IS Low) AND (File IS Medium),Medium,0.0,0.0,14.737338181737051,0.0,15.747795926666113,0.7677169851345398,0.5238095238095238,0.28125,21.1
1,all,R18,IF (RawFPcounts IS High) AND (Input IS Medium) AND (File IS Medium),High,0.14296544979284415,0.508154190215472,16.725824677343034,8.499297894601208,15.747795926666113,0.7677169851345398,0.5238095238095238,0.28125,21.1
1,all,R19,IF (RawFPcounts IS High) AND (Input IS Medium) AND (File IS High),High,0.0,0.0,16.725824677343034,0.0,15.747795926666113,0.7677169851345398,0.5238095238095238,0.28125,21.1
1,all,R20,IF (RawFPcounts IS High) AND (Input IS High) AND (File IS High),Very_High,0.0,0.0,0.0,0.0,15.747795926666113,0.7677169851345398,0.5238095238095238,0.28125,21.1
2,all,R1,IF (RawFPcounts IS Low) AND (Input IS Low) AND (File IS Low),Very_Low,0.0,0.0,4.309084767366244,0.0,26.264914915504924,0.4721864138504968,0.0476190476190476,0.1875,28.8
2,all,R2,IF (RawFPcounts IS Low) AND (Input IS Low) AND (File IS Medium),Low,0.0,0.0,28.516620525549946,0.0,26.264914915504924,0.4721864138504968,0.0476190476190476,0.1875,28.8
2,all,R3,IF (RawFPcounts IS Low) AND (Input IS Low) AND (File IS High),Medium,0.0,0.0,11.50795006267691,0.0,26.264914915504924,0.4721864138504968,0.0476190476190476,0.1875,28.8
2,all,R4,IF (RawFPcounts IS Low) AND (Input IS Medium) AND (File IS Low),Low,0.0,0.0,28.516620525549946,0.0,26.264914915504924,0.4721864138504968,0.0476190476190476,0.1875,28.8
2,all,R5,IF (RawFPcounts IS Low) AND (Input IS Medium) AND (File IS Medium),Medium,0.0,0.0,11.50795006267691,0.0,26.264914915504924,0.4721864138504968,0.0476190476190476,0.1875,28.8
2,all,R6,IF (RawFPcounts IS Low) AND (Input IS Medium) AND (File IS High),Medium,0.0,0.0,11.50795006267691,0.0,26.264914915504924,0.4721864138504968,0.0476190476190476,0.1875,28.8
2,all,R7,IF (RawFPcounts IS Low) AND (Input IS High) AND (File IS Medium),Medium,0.0,0.0,11.50795006267691,0.0,26.264914915504924,0.4721864138504968,0.0476190476190476,0.1875,28.8
2,all,R8,IF (RawFPcounts IS Low) AND (Input IS High) AND (File IS High),High,0.0,0.0,20.22826587532895,0.0,26.264914915504924,0.4721864138504968,0.0476190476190476,0.1875,28.8
2,all,R9,IF (RawFPcounts IS Medium) AND (Input IS Low) AND (File IS Low),Low,0.7986516765289201,0.8676142491583865,28.516620525549946,24.74142630580965,26.264914915504924,0.4721864138504968,0.0476190476190476,0.1875,28.8
2,all,R10,IF (RawFPcounts IS Medium) AND (Input IS Low) AND (File IS Medium),Medium,0.11221597664889688,0.1219056857764978,11.50795006267691,1.4028845442723195,26.264914915504924,0.4721864138504968,0.0476190476190476,0.1875,28.8
2,all,R11,IF (RawFPcounts IS Medium) AND (Input IS Low) AND (File IS High),Medium,0.0,0.0,11.50795006267691,0.0,26.264914915504924,0.4721864138504968,0.0476190476190476,0.1875,28.8
2,all,R12,IF (RawFPcounts IS Medium) AND (Input IS Medium) AND (File IS Low),Medium,0.008458567876085912,0.009188954624951295,11.50795006267691,0.10574603095214354,26.264914915504924,0.4721864138504968,0.0476190476190476,0.1875,28.8
2,all,R13,IF (RawFPcounts IS Medium) AND (Input IS Medium) AND (File IS Medium),Medium,0.0011884861487942984,0.0012911104401644219,11.50795006267691,0.014858034470812971,26.264914915504924,0.4721864138504968,0.0476190476190476,0.1875,28.8
2,all,R14,IF (RawFPcounts IS Medium) AND (Input IS Medium) AND (File IS High),High,0.0,0.0,20.22826587532895,0.0,26.264914915504924,0.4721864138504968,0.0476190476190476,0.1875,28.8
2,all,R15,IF (RawFPcounts IS Medium) AND (Input IS High) AND (File IS Medium),High,0.0,0.0,20.22826587532895,0.0,26.264914915504924,0.4721864138504968,0.0476190476190476,0.1875,28.8
2,all,R16,IF (RawFPcounts IS Medium) AND (Input IS High) AND (File IS High),High,0.0,0.0,20.22826587532895,0.0,26.264914915504924,0.4721864138504968,0.0476190476190476,0.1875,28.8
2,all,R17,IF (RawFPcounts IS High) AND (Input IS Low) AND (File IS Medium),Medium,0.0,0.0,11.50795006267691,0.0,26.264914915504924,0.4721864138504968,0.0476190476190476,0.1875,28.8
2,all,R18,IF (RawFPcounts IS High) AND (Input IS Medium) AND (File IS Medium),High,0.0,0.0,20.22826587532895,0.0,26.264914915504924,0.4721864138504968,0.0476190476190476,0.1875,28.8
2,all,R19,IF (RawFPcounts IS High) AND (Input IS Medium) AND (File IS High),High,0.0,0.0,20.22826587532895,0.0,26.264914915504924,0.4721864138504968,0.0476190476190476,0.1875,28.8
2,all,R20,IF (RawFPcounts IS High) AND (Input IS High) AND (File IS High),Very_High,0.0,0.0,0.0,0.0,26.264914915504924,0.4721864138504968,0.0476190476190476,0.1875,28.8
3,all,R1,IF (RawFPcounts IS Low) AND (Input IS Low) AND (File IS Low),Very_Low,0.0,0.0,7.2145414161759245,0.0,6.752236102920982,0.3064634564234779,0.0952380952380952,0.625,10.0
3,all,R2,IF (RawFPcounts IS Low) AND (Input IS Low) AND (File IS Medium),Low,0.15382511771113377,0.29857665374710846,17.15207855564914,5.121210219953258,6.752236102920982,0.3064634564234779,0.0952380952380952,0.625,10.0
3,all,R3,IF (RawFPcounts IS Low) AND (Input IS Low) AND (File IS High),Medium,0.013605169867663167,0.026407820472961942,2.298384015455638,0.060695312458077876,6.752236102920982,0.3064634564234779,0.0952380952380952,0.625,10.0
3,all,R4,IF (RawFPcounts IS Low) AND (Input IS Medium) AND (File IS Low),Low,0.0,0.0,17.15207855564914,0.0,6.752236102920982,0.3064634564234779,0.0952380952380952,0.625,10.0
3,all,R5,IF (RawFPcounts IS Low) AND (Input IS Medium) AND (File IS Medium),Medium,0.004035381368512265,0.007832730333848537,2.298384015455638,0.01800262219669198,6.752236102920982,0.3064634564234779,0.0952380952380952,0.625,10.0
3,all,R6,IF (RawFPcounts IS Low) AND (Input IS Medium) AND (File IS High),Medium,0.00035691212083134745,0.000692771299676335,2.298384015455638,0.001592254481542516,6.752236102920982,0.3064634564234779,0.0952380952380952,0.625,10.0
3,all,R7,IF (RawFPcounts IS Low) AND (Input IS High) AND (File IS Medium),Medium,0.0,0.0,2.298384015455638,0.0,6.752236102920982,0.3064634564234779,0.0952380952380952,0.625,10.0
3,all,R8,IF (RawFPcounts IS Low) AND (Input IS High) AND (File IS High),High,0.0,0.0,15.939748720108721,0.0,6.752236102920982,0.3064634564234779,0.0952380952380952,0.625,10.0
3,all,R9,IF (RawFPcounts IS Medium) AND (Input IS Low) AND (File IS Low),Low,0.0,0.0,17.15207855564914,0.0,6.752236102920982,0.3064634564234779,0.0952380952380952,0.625,10.0
3,all,R10,IF (RawFPcounts IS Medium) AND (Input IS Low) AND (File IS Medium),Medium,0.3074058164383747,0.5966788869092768,2.298384015455638,1.3713972160321444,6.752236102920982,0.3064634564234779,0.0952380952380952,0.625,10.0
3,all,R11,IF (RawFPcounts IS Medium) AND (Input IS Low) AND (File IS High),Medium,0.027188721927752228,0.0527736804862612,2.298384015455638,0.12129418366638588,6.752236102920982,0.3064634564234779,0.0952380952380952,0.625,10.0
3,all,R12,IF (RawFPcounts IS Medium) AND (Input IS Medium) AND (File IS Low),Medium,0.0,0.0,2.298384015455638,0.0,6.752236102920982,0.3064634564234779,0.0952380952380952,0.625,10.0
3,all,R13,IF (RawFPcounts IS Medium) AND (Input IS Medium) AND (File IS Medium),Medium,0.008064350755493893,0.015653014923999342,2.298384015455638,0.03597663929500864,6.752236102920982,0.3064634564234779,0.0952380952380952,0.625,10.0
3,all,R14,IF (RawFPcounts IS Medium) AND (Input IS Medium) AND (File IS High),High,0.0007132571294822482,0.0013844418268672883,15.939748720108721,0.02206765483787284,6.752236102920982,0.3064634564234779,0.0952380952380952,0.625,10.0
3,all,R15,IF (RawFPcounts IS Medium) AND (Input IS High) AND (File IS Medium),High,0.0,0.0,15.939748720108721,0.0,6.752236102920982,0.3064634564234779,0.0952380952380952,0.625,10.0
3,all,R16,IF (RawFPcounts IS Medium) AND (Input IS High) AND (File IS High),High,0.0,0.0,15.939748720108721,0.0,6.752236102920982,0.3064634564234779,0.0952380952380952,0.625,10.0
3,all,R17,IF (RawFPcounts IS High) AND (Input IS Low) AND (File IS Medium),Medium,0.0,0.0,2.298384015455638,0.0,6.752236102920982,0.3064634564234779,0.0952380952380952,0.625,10.0
3,all,R18,IF (RawFPcounts IS High) AND (Input IS Medium) AND (File IS Medium),High,0.0,0.0,15.939748720108721,0.0,6.752236102920982,0.3064634564234779,0.0952380952380952,0.625,10.0
3,all,R19,IF (RawFPcounts IS High) AND (Input IS Medium) AND (File IS High),High,0.0,0.0,15.939748720108721,0.0,6.752236102920982,0.3064634564234779,0.0952380952380952,0.625,10.0
3,all,R20,IF (RawFPcounts IS High) AND (Input IS High) AND (File IS High),Very_High,0.0,0.0,0.0,0.0,6.752236102920982,0.3064634564234779,0.0952380952380952,0.625,10.0
4,all,R1,IF (RawFPcounts IS Low) AND (Input IS Low) AND (File IS Low),Very_Low,0.0,0.0,-0.20663655940105574,-0.0,3.7803761897687123,0.1088882724409705,0.4285714285714285,0.0625,8.0
4,all,R2,IF (RawFPcounts IS Low) AND (Input IS Low) AND (File IS Medium),Low,0.0,0.0,3.495951153890645,0.0,3.7803761897687123,0.1088882724409705,0.4285714285714285,0.0625,8.0
4,all,R3,IF (RawFPcounts IS Low) AND (Input IS Low) AND (File IS High),Medium,0.0,0.0,9.69527010731909,0.0,3.7803761897687123,0.1088882724409705,0.4285714285714285,0.0625,8.0
4,all,R4,IF (RawFPcounts IS Low) AND (Input IS Medium) AND (File IS Low),Low,0.8928125015622329,0.9541199544635837,3.495951153890645,3.3355567557570547,3.7803761897687123,0.1088882724409705,0.4285714285714285,0.0625,8.0
4,all,R5,IF (RawFPcounts IS Low) AND (Input IS Medium) AND (File IS Medium),Medium,0.012691143296471679,0.013562615938881242,9.69527010731909,0.13149322488928472,3.7803761897687123,0.1088882724409705,0.4285714285714285,0.0625,8.0
4,all,R6,IF (RawFPcounts IS Low) AND (Input IS Medium) AND (File IS High),Medium,0.0,0.0,9.69527010731909,0.0,3.7803761897687123,0.1088882724409705,0.4285714285714285,0.0625,8.0
4,all,R7,IF (RawFPcounts IS Low) AND (Input IS High) AND (File IS Medium),Medium,0.0,0.0,9.69527010731909,0.0,3.7803761897687123,0.1088882724409705,0.4285714285714285,0.0625,8.0
4,all,R8,IF (RawFPcounts IS Low) AND (Input IS High) AND (File IS High),High,0.0,0.0,16.2833257932333,0.0,3.7803761897687123,0.1088882724409705,0.4285714285714285,0.0625,8.0
4,all,R9,IF (RawFPcounts IS Medium) AND (Input IS Low) AND (File IS Low),Low,0.0,0.0,3.495951153890645,0.0,3.7803761897687123,0.1088882724409705,0.4285714285714285,0.0625,8.0
4,all,R10,IF (RawFPcounts IS Medium) AND (Input IS Low) AND (File IS Medium),Medium,0.0,0.0,9.69527010731909,0.0,3.7803761897687123,0.1088882724409705,0.4285714285714285,0.0625,8.0
4,all,R11,IF (RawFPcounts IS Medium) AND (Input IS Low) AND (File IS High),Medium,0.0,0.0,9.69527010731909,0.0,3.7803761897687123,0.1088882724409705,0.4285714285714285,0.0625,8.0
4,all,R12,IF (RawFPcounts IS Medium) AND (Input IS Medium) AND (File IS Low),Medium,0.029817014427609662,0.03186448263003845,9.69527010731909,0.3089347659282002,3.7803761897687123,0.1088882724409705,0.4285714285714285,0.0625,8.0
4,all,R13,IF (RawFPcounts IS Medium) AND (Input IS Medium) AND (File IS Medium),Medium,0.0004238426344967356,0.00045294696749669395,9.69527010731909,0.004391443194171528,3.7803761897687123,0.1088882724409705,0.4285714285714285,0.0625,8.0
4,all,R14,IF (RawFPcounts IS Medium) AND (Input IS Medium) AND (File IS High),High,0.0,0.0,16.2833257932333,0.0,3.7803761897687123,0.1088882724409705,0.4285714285714285,0.0625,8.0
4,all,R15,IF (RawFPcounts IS Medium) AND (Input IS High) AND (File IS Medium),High,0.0,0.0,16.2833257932333,0.0,3.7803761897687123,0.1088882724409705,0.4285714285714285,0.0625,8.0
4,all,R16,IF (RawFPcounts IS Medium) AND (Input IS High) AND (File IS High),High,0.0,0.0,16.2833257932333,0.0,3.7803761897687123,0.1088882724409705,0.4285714285714285,0.0625,8.0
4,all,R17,IF (RawFPcounts IS High) AND (Input IS Low) AND (File IS Medium),Medium,0.0,0.0,9.69527010731909,0.0,3.7803761897687123,0.1088882724409705,0.4285714285714285,0.0625,8.0
4,all,R18,IF (RawFPcounts IS High) AND (Input IS Medium) AND (File IS Medium),High,0.0,0.0,16.2833257932333,0.0,3.7803761897687123,0.1088882724409705,0.4285714285714285,0.0625,8.0
4,all,R19,IF (RawFPcounts IS High) AND (Input IS Medium) AND (File IS High),High,0.0,0.0,16.2833257932333,0.0,3.7803761897687123,0.1088882724409705,0.4285714285714285,0.0625,8.0
4,all,R20,IF (RawFPcounts IS High) AND (Input IS High) AND (File IS High),Very_High,0.0,0.0,0.0,0.0,3.7803761897687123,0.1088882724409705,0.4285714285714285,0.0625,8.0
5,all,R1,IF (RawFPcounts IS Low) AND (Input IS Low) AND (File IS Low),Very_Low,0.9563492063492065,0.8789504750523683,1.594344221871952,1.4013496112113506,2.405479924326628,0.1194621673220958,0.1587301587301587,0.0625,4.9
5,all,R2,IF (RawFPcounts IS Low) AND (Input IS Low) AND (File IS Medium),Low,0.013594304288982595,0.012494097483931701,8.259299979866235,0.10319249909748388,2.405479924326628,0.1194621673220958,0.1587301587301587,0.0625,4.9
5,all,R3,IF (RawFPcounts IS Low) AND (Input IS Low) AND (File IS High),Medium,0.0,0.0,9.2730338571183,0.0,2.405479924326628,0.1194621673220958,0.1587301587301587,0.0625,4.9
5,all,R4,IF (RawFPcounts IS Low) AND (Input IS Medium) AND (File IS Low),Low,0.07516170387866954,0.06907875793832079,8.259299979866235,0.5705421840491574,2.405479924326628,0.1194621673220958,0.1587301587301587,0.0625,4.9
5,all,R5,IF (RawFPcounts IS Low) AND (Input IS Medium) AND (File IS Medium),Medium,0.0010684079273778808,0.000981940120913955,9.2730338571183,0.009105563986897942,2.405479924326628,0.1194621673220958,0.1587301587301587,0.0625,4.9
5,all,R6,IF (RawFPcounts IS Low) AND (Input IS Medium) AND (File IS High),Medium,0.0,0.0,9.2730338571183,0.0,2.405479924326628,0.1194621673220958,0.1587301587301587,0.0625,4.9
5,all,R7,IF (RawFPcounts IS Low) AND (Input IS High) AND (File IS Medium),Medium,0.0,0.0,9.2730338571183,0.0,2.405479924326628,0.1194621673220958,0.1587301587301587,0.0625,4.9
5,all,R8,IF (RawFPcounts IS Low) AND (Input IS High) AND (File IS High),High,0.0,0.0,18.65254719490056,0.0,2.405479924326628,0.1194621673220958,0.1587301587301587,0.0625,4.9
5,all,R9,IF (RawFPcounts IS Medium) AND (Input IS Low) AND (File IS Low),Low,0.038288301729002175,0.0351895738190914,8.259299979866235,0.29064124633552296,2.405479924326628,0.1194621673220958,0.1587301587301587,0.0625,4.9
5,all,R10,IF (RawFPcounts IS Medium) AND (Input IS Low) AND (File IS Medium),Medium,0.0005442602147383126,0.0005002124444924425,9.2730338571183,0.0046384869335303275,2.405479924326628,0.1194621673220958,0.1587301587301587,0.0625,4.9
5,all,R11,IF (RawFPcounts IS Medium) AND (Input IS Low) AND (File IS High),Medium,0.0,0.0,9.2730338571183,0.0,2.405479924326628,0.1194621673220958,0.1587301587301587,0.0625,4.9
5,all,R12,IF (RawFPcounts IS Medium) AND (Input IS Medium) AND (File IS Low),Medium,0.0030091665026400326,0.0027656302838414805,9.2730338571183,0.02564578325833374,2.405479924326628,0.1194621673220958,0.1587301587301587,0.0625,4.9
5,all,R13,IF (RawFPcounts IS Medium) AND (Input IS Medium) AND (File IS Medium),Medium,4.277467354133502e-05,3.931285703983539e-05,9.2730338571183,0.00036454945435044505,2.405479924326628,0.1194621673220958,0.1587301587301587,0.0625,4.9
5,all,R14,IF (RawFPcounts IS Medium) AND (Input IS Medium) AND (File IS High),High,0.0,0.0,18.65254719490056,0.0,2.405479924326628,0.1194621673220958,0.1587301587301587,0.0625,4.9
5,all,R15,IF (RawFPcounts IS Medium) AND (Input IS High) AND (File IS Medium),High,0.0,0.0,18.65254719490056,0.0,2.405479924326628,0.1194621673220958,0.1587301587301587,0.0625,4.9
5,all,R16,IF (RawFPcounts IS Medium) AND (Input IS High) AND (File IS High),High,0.0,0.0,18.65254719490056,0.0,2.405479924326628,0.1194621673220958,0.1587301587301587,0.0625,4.9
5,all,R17,IF (RawFPcounts IS High) AND (Input IS Low) AND (File IS Medium),Medium,0.0,0.0,9.2730338571183,0.0,2.405479924326628,0.1194621673220958,0.1587301587301587,0.0625,4.9
5,all,R18,IF (RawFPcounts IS High) AND (Input IS Medium) AND (File IS Medium),High,0.0,0.0,18.65254719490056,0.0,2.405479924326628,0.1194621673220958,0.1587301587301587,0.0625,4.9
5,all,R19,IF (RawFPcounts IS High) AND (Input IS Medium) AND (File IS High),High,0.0,0.0,18.65254719490056,0.0,2.405479924326628,0.1194621673220958,0.1587301587301587,0.0625,4.9
5,all,R20,IF (RawFPcounts IS High) AND (Input IS High) AND (File IS High),Very_High,0.0,0.0,0.0,0.0,2.405479924326628,0.1194621673220958,0.1587301587301587,0.0625,4.9
6,all,R1,IF (RawFPcounts IS Low) AND (Input IS Low) AND (File IS Low),Very_Low,0.0,0.0,3.5182027953247346,0.0,15.40839114600536,0.8587536510941043,0.6031746031746031,0.40625,12.9
6,all,R2,IF (RawFPcounts IS Low) AND (Input IS Low) AND (File IS Medium),Low,0.0,0.0,39.875826228726204,0.0,15.40839114600536,0.8587536510941043,0.6031746031746031,0.40625,12.9
6,all,R3,IF (RawFPcounts IS Low) AND (Input IS Low) AND (File IS High),Medium,0.0,0.0,14.014321167482871,0.0,15.40839114600536,0.8587536510941043,0.6031746031746031,0.40625,12.9
6,all,R4,IF (RawFPcounts IS Low) AND (Input IS Medium) AND (File IS Low),Low,0.0,0.0,39.875826228726204,0.0,15.40839114600536,0.8587536510941043,0.6031746031746031,0.40625,12.9
6,all,R5,IF (RawFPcounts IS Low) AND (Input IS Medium) AND (File IS Medium),Medium,0.0,0.0,14.014321167482871,0.0,15.40839114600536,0.8587536510941043,0.6031746031746031,0.40625,12.9
6,all,R6,IF (RawFPcounts IS Low) AND (Input IS Medium) AND (File IS High),Medium,0.0,0.0,14.014321167482871,0.0,15.40839114600536,0.8587536510941043,0.6031746031746031,0.40625,12.9
6,all,R7,IF (RawFPcounts IS Low) AND (Input IS High) AND (File IS Medium),Medium,0.0,0.0,14.014321167482871,0.0,15.40839114600536,0.8587536510941043,0.6031746031746031,0.40625,12.9
6,all,R8,IF (RawFPcounts IS Low) AND (Input IS High) AND (File IS High),High,0.0,0.0,15.531687185547128,0.0,15.40839114600536,0.8587536510941043,0.6031746031746031,0.40625,12.9
6,all,R9,IF (RawFPcounts IS Medium) AND (Input IS Low) AND (File IS Low),Low,0.0,0.0,39.875826228726204,0.0,15.40839114600536,0.8587536510941043,0.6031746031746031,0.40625,12.9
6,all,R10,IF (RawFPcounts IS Medium) AND (Input IS Low) AND (File IS Medium),Medium,0.0,0.0,14.014321167482871,0.0,15.40839114600536,0.8587536510941043,0.6031746031746031,0.40625,12.9
6,all,R11,IF (RawFPcounts IS Medium) AND (Input IS Low) AND (File IS High),Medium,0.0,0.0,14.014321167482871,0.0,15.40839114600536,0.8587536510941043,0.6031746031746031,0.40625,12.9
6,all,R12,IF (RawFPcounts IS Medium) AND (Input IS Medium) AND (File IS Low),Medium,0.0,0.0,14.014321167482871,0.0,15.40839114600536,0.8587536510941043,0.6031746031746031,0.40625,12.9
6,all,R13,IF (RawFPcounts IS Medium) AND (Input IS Medium) AND (File IS Medium),Medium,0.037180867491740696,0.08125662369785897,14.014321167482871,1.138756421487095,15.40839114600536,0.8587536510941043,0.6031746031746031,0.40625,12.9
6,all,R14,IF (RawFPcounts IS Medium) AND (Input IS Medium) AND (File IS High),High,0.0,0.0,15.531687185547128,0.0,15.40839114600536,0.8587536510941043,0.6031746031746031,0.40625,12.9
6,all,R15,IF (RawFPcounts IS Medium) AND (Input IS High) AND (File IS Medium),High,0.0003738382487263447,0.0008170017525107788,15.531687185547128,0.012689415650041209,15.40839114600536,0.8587536510941043,0.6031746031746031,0.40625,12.9
6,all,R16,IF (RawFPcounts IS Medium) AND (Input IS High) AND (File IS High),High,0.0,0.0,15.531687185547128,0.0,15.40839114600536,0.8587536510941043,0.6031746031746031,0.40625,12.9
6,all,R17,IF (RawFPcounts IS High) AND (Input IS Low) AND (File IS Medium),Medium,0.0,0.0,14.014321167482871,0.0,15.40839114600536,0.8587536510941043,0.6031746031746031,0.40625,12.9
6,all,R18,IF (RawFPcounts IS High) AND (Input IS Medium) AND (File IS Medium),High,0.42001866858520504,0.9179263745496302,15.531687185547128,14.256945308868225,15.40839114600536,0.8587536510941043,0.6031746031746031,0.40625,12.9
6,all,R19,IF (RawFPcounts IS High) AND (Input IS Medium) AND (File IS High),High,0.0,0.0,15.531687185547128,0.0,15.40839114600536,0.8587536510941043,0.6031746031746031,0.40625,12.9
6,all,R20,IF (RawFPcounts IS High) AND (Input IS High) AND (File IS High),Very_High,0.0,0.0,0.0,0.0,15.40839114600536,0.8587536510941043,0.6031746031746031,0.40625,12.9
7,all,R1,IF (RawFPcounts IS Low) AND (Input IS Low) AND (File IS Low),Very_Low,0.0,0.0,3.6680419311335863,0.0,15.863958829792361,0.8173718649543918,0.5238095238095238,0.375,19.0
7,all,R2,IF (RawFPcounts IS Low) AND (Input IS Low) AND (File IS Medium),Low,0.0,0.0,38.99925007515795,0.0,15.863958829792361,0.8173718649543918,0.5238095238095238,0.375,19.0
7,all,R3,IF (RawFPcounts IS Low) AND (Input IS Low) AND (File IS High),Medium,0.0,0.0,13.833551612204152,0.0,15.863958829792361,0.8173718649543918,0.5238095238095238,0.375,19.0
7,all,R4,IF (RawFPcounts IS Low) AND (Input IS Medium) AND (File IS Low),Low,0.0,0.0,38.99925007515795,0.0,15.863958829792361,0.8173718649543918,0.5238095238095238,0.375,19.0
7,all,R5,IF (RawFPcounts IS Low) AND (Input IS Medium) AND (File IS Medium),Medium,0.0,0.0,13.833551612204152,0.0,15.863958829792361,0.8173718649543918,0.5238095238095238,0.375,19.0
7,all,R6,IF (RawFPcounts IS Low) AND (Input IS Medium) AND (File IS High),Medium,0.0,0.0,13.833551612204152,0.0,15.863958829792361,0.8173718649543918,0.5238095238095238,0.375,19.0
7,all,R7,IF (RawFPcounts IS Low) AND (Input IS High) AND (File IS Medium),Medium,0.0,0.0,13.833551612204152,0.0,15.863958829792361,0.8173718649543918,0.5238095238095238,0.375,19.0
7,all,R8,IF (RawFPcounts IS Low) AND (Input IS High) AND (File IS High),High,0.0,0.0,16.262382334871972,0.0,15.863958829792361,0.8173718649543918,0.5238095238095238,0.375,19.0
7,all,R9,IF (RawFPcounts IS Medium) AND (Input IS Low) AND (File IS Low),Low,0.0,0.0,38.99925007515795,0.0,15.863958829792361,0.8173718649543918,0.5238095238095238,0.375,19.0
7,all,R10,IF (RawFPcounts IS Medium) AND (Input IS Low) AND (File IS Medium),Medium,0.0,0.0,13.833551612204152,0.0,15.863958829792361,0.8173718649543918,0.5238095238095238,0.375,19.0
7,all,R11,IF (RawFPcounts IS Medium) AND (Input IS Low) AND (File IS High),Medium,0.0,0.0,13.833551612204152,0.0,15.863958829792361,0.8173718649543918,0.5238095238095238,0.375,19.0
7,all,R12,IF (RawFPcounts IS Medium) AND (Input IS Medium) AND (File IS Low),Medium,0.0,0.0,13.833551612204152,0.0,15.863958829792361,0.8173718649543918,0.5238095238095238,0.375,19.0
7,all,R13,IF (RawFPcounts IS Medium) AND (Input IS Medium) AND (File IS Medium),Medium,0.07441103860899587,0.16403922322012895,13.833551612204152,2.2692450608415315,15.863958829792361,0.8173718649543918,0.5238095238095238,0.375,19.0
7,all,R14,IF (RawFPcounts IS Medium) AND (Input IS Medium) AND (File IS High),High,0.0,0.0,16.262382334871972,0.0,15.863958829792361,0.8173718649543918,0.5238095238095238,0.375,19.0
7,all,R15,IF (RawFPcounts IS Medium) AND (Input IS High) AND (File IS Medium),High,0.0,0.0,16.262382334871972,0.0,15.863958829792361,0.8173718649543918,0.5238095238095238,0.375,19.0
7,all,R16,IF (RawFPcounts IS Medium) AND (Input IS High) AND (File IS High),High,0.0,0.0,16.262382334871972,0.0,15.863958829792361,0.8173718649543918,0.5238095238095238,0.375,19.0
7,all,R17,IF (RawFPcounts IS High) AND (Input IS Low) AND (File IS Medium),Medium,0.0,0.0,13.833551612204152,0.0,15.863958829792361,0.8173718649543918,0.5238095238095238,0.375,19.0
7,all,R18,IF (RawFPcounts IS High) AND (Input IS Medium) AND (File IS Medium),High,0.3792063167301083,0.835960776779871,16.262382334871972,13.594713768950827,15.863958829792361,0.8173718649543918,0.5238095238095238,0.375,19.0
7,all,R19,IF (RawFPcounts IS High) AND (Input IS Medium) AND (File IS High),High,0.0,0.0,16.262382334871972,0.0,15.863958829792361,0.8173718649543918,0.5238095238095238,0.375,19.0
7,all,R20,IF (RawFPcounts IS High) AND (Input IS High) AND (File IS High),Very_High,0.0,0.0,0.0,0.0,15.863958829792361,0.8173718649543918,0.5238095238095238,0.375,19.0
8,all,R1,IF (RawFPcounts IS Low) AND (Input IS Low) AND (File IS Low),Very_Low,0.0,0.0,-0.027699783924993282,-0.0,14.296972043264638,0.4502553726155702,0.5396825396825397,0.0625,10.8
8,all,R2,IF (RawFPcounts IS Low) AND (Input IS Low) AND (File IS Medium),Low,0.0,0.0,20.17088693374838,0.0,14.296972043264638,0.4502553726155702,0.5396825396825397,0.0625,10.8
8,all,R3,IF (RawFPcounts IS Low) AND (Input IS Low) AND (File IS High),Medium,0.0,0.0,14.296972043264638,0.0,14.296972043264638,0.4502553726155702,0.5396825396825397,0.0625,10.8
8,all,R4,IF (RawFPcounts IS Low) AND (Input IS Medium) AND (File IS Low),Low,0.0,0.0,20.17088693374838,0.0,14.296972043264638,0.4502553726155702,0.5396825396825397,0.0625,10.8
8,all,R5,IF (RawFPcounts IS Low) AND (Input IS Medium) AND (File IS Medium),Medium,0.0,0.0,14.296972043264638,0.0,14.296972043264638,0.4502553726155702,0.5396825396825397,0.0625,10.8
8,all,R6,IF (RawFPcounts IS Low) AND (Input IS Medium) AND (File IS High),Medium,0.0,0.0,14.296972043264638,0.0,14.296972043264638,0.4502553726155702,0.5396825396825397,0.0625,10.8
8,all,R7,IF (RawFPcounts IS Low) AND (Input IS High) AND (File IS Medium),Medium,0.0,0.0,14.296972043264638,0.0,14.296972043264638,0.4502553726155702,0.5396825396825397,0.0625,10.8
8,all,R8,IF (RawFPcounts IS Low) AND (Input IS High) AND (File IS High),High,0.0,0.0,16.80021610855064,0.0,14.296972043264638,0.4502553726155702,0.5396825396825397,0.0625,10.8
8,all,R9,IF (RawFPcounts IS Medium) AND (Input IS Low) AND (File IS Low),Low,0.0,0.0,20.17088693374838,0.0,14.296972043264638,0.4502553726155702,0.5396825396825397,0.0625,10.8
8,all,R10,IF (RawFPcounts IS Medium) AND (Input IS Low) AND (File IS Medium),Medium,0.0,0.0,14.296972043264638,0.0,14.296972043264638,0.4502553726155702,0.5396825396825397,0.0625,10.8
8,all,R11,IF (RawFPcounts IS Medium) AND (Input IS Low) AND (File IS High),Medium,0.0,0.0,14.296972043264638,0.0,14.296972043264638,0.4502553726155702,0.5396825396825397,0.0625,10.8
8,all,R12,IF (RawFPcounts IS Medium) AND (Input IS Medium) AND (File IS Low),Medium,0.9139467850059023,0.985984437093622,14.296972043264638,14.096591932221536,14.296972043264638,0.4502553726155702,0.5396825396825397,0.0625,10.8
8,all,R13,IF (RawFPcounts IS Medium) AND (Input IS Medium) AND (File IS Medium),Medium,0.012991562722927437,0.014015562906377933,14.296972043264638,0.2003801110431022,14.296972043264638,0.4502553726155702,0.5396825396825397,0.0625,10.8
8,all,R14,IF (RawFPcounts IS Medium) AND (Input IS Medium) AND (File IS High),High,0.0,0.0,16.80021610855064,0.0,14.296972043264638,0.4502553726155702,0.5396825396825397,0.0625,10.8
8,all,R15,IF (RawFPcounts IS Medium) AND (Input IS High) AND (File IS Medium),High,0.0,0.0,16.80021610855064,0.0,14.296972043264638,0.4502553726155702,0.5396825396825397,0.0625,10.8
8,all,R16,IF (RawFPcounts IS Medium) AND (Input IS High) AND (File IS High),High,0.0,0.0,16.80021610855064,0.0,14.296972043264638,0.4502553726155702,0.5396825396825397,0.0625,10.8
8,all,R17,IF (RawFPcounts IS High) AND (Input IS Low) AND (File IS Medium),Medium,0.0,0.0,14.296972043264638,0.0,14.296972043264638,0.4502553726155702,0.5396825396825397,0.0625,10.8
8,all,R18,IF (RawFPcounts IS High) AND (Input IS Medium) AND (File IS Medium),High,0.0,0.0,16.80021610855064,0.0,14.296972043264638,0.4502553726155702,0.5396825396825397,0.0625,10.8
8,all,R19,IF (RawFPcounts IS High) AND (Input IS Medium) AND (File IS High),High,0.0,0.0,16.80021610855064,0.0,14.296972043264638,0.4502553726155702,0.5396825396825397,0.0625,10.8
8,all,R20,IF (RawFPcounts IS High) AND (Input IS High) AND (File IS High),Very_High,0.0,0.0,0.0,0.0,14.296972043264638,0.4502553726155702,0.5396825396825397,0.0625,10.8
9,all,R1,IF (RawFPcounts IS Low) AND (Input IS Low) AND (File IS Low),Very_Low,0.0,0.0,0.08195217738186211,0.0,7.833075710863126,0.1781081213387073,0.4126984126984127,0.0625,2.9
9,all,R2,IF (RawFPcounts IS Low) AND (Input IS Low) AND (File IS Medium),Low,0.0,0.0,7.47395939964062,0.0,7.833075710863126,0.1781081213387073,0.4126984126984127,0.0625,2.9
9,all,R3,IF (RawFPcounts IS Low) AND (Input IS Low) AND (File IS High),Medium,0.0,0.0,10.549003184999506,0.0,7.833075710863126,0.1781081213387073,0.4126984126984127,0.0625,2.9
9,all,R4,IF (RawFPcounts IS Low) AND (Input IS Medium) AND (File IS Low),Low,0.7255539415105272,0.883215870638215,7.47395939964062,6.601119558268262,7.833075710863126,0.1781081213387073,0.4126984126984127,0.0625,2.9
9,all,R5,IF (RawFPcounts IS Low) AND (Input IS Medium) AND (File IS Medium),Medium,0.010313597787797203,0.01255472919159865,10.549003184999506,0.13243987822898046,7.833075710863126,0.1781081213387073,0.4126984126984127,0.0625,2.9
9,all,R6,IF (RawFPcounts IS Low) AND (Input IS Medium) AND (File IS High),Medium,0.0,0.0,10.549003184999506,0.0,7.833075710863126,0.1781081213387073,0.4126984126984127,0.0625,2.9
9,all,R7,IF (RawFPcounts IS Low) AND (Input IS High) AND (File IS Medium),Medium,0.0,0.0,10.549003184999506,0.0,7.833075710863126,0.1781081213387073,0.4126984126984127,0.0625,2.9
9,all,R8,IF (RawFPcounts IS Low) AND (Input IS High) AND (File IS High),High,0.0,0.0,16.71882359236055,0.0,7.833075710863126,0.1781081213387073,0.4126984126984127,0.0625,2.9
9,all,R9,IF (RawFPcounts IS Medium) AND (Input IS Low) AND (File IS Low),Low,0.0,0.0,7.47395939964062,0.0,7.833075710863126,0.1781081213387073,0.4126984126984127,0.0625,2.9
9,all,R10,IF (RawFPcounts IS Medium) AND (Input IS Low) AND (File IS Medium),Medium,0.0,0.0,10.549003184999506,0.0,7.833075710863126,0.1781081213387073,0.4126984126984127,0.0625,2.9
9,all,R11,IF (RawFPcounts IS Medium) AND (Input IS Low) AND (File IS High),Medium,0.0,0.0,10.549003184999506,0.0,7.833075710863126,0.1781081213387073,0.4126984126984127,0.0625,2.9
9,all,R12,IF (RawFPcounts IS Medium) AND (Input IS Medium) AND (File IS Low),Medium,0.08442345856084617,0.1027685664554069,10.549003184999506,1.0841059348559208,7.833075710863126,0.1781081213387073,0.4126984126984127,0.0625,2.9
9,all,R13,IF (RawFPcounts IS Medium) AND (Input IS Medium) AND (File IS Medium),Medium,0.0012000618363930402,0.0014608337147792832,10.549003184999506,0.015410339509961318,7.833075710863126,0.1781081213387073,0.4126984126984127,0.0625,2.9
9,all,R14,IF (RawFPcounts IS Medium) AND (Input IS Medium) AND (File IS High),High,0.0,0.0,16.71882359236055,0.0,7.833075710863126,0.1781081213387073,0.4126984126984127,0.0625,2.9
9,all,R15,IF (RawFPcounts IS Medium) AND (Input IS High) AND (File IS Medium),High,0.0,0.0,16.71882359236055,0.0,7.833075710863126,0.1781081213387073,0.4126984126984127,0.0625,2.9
9,all,R16,IF (RawFPcounts IS Medium) AND (Input IS High) AND (File IS High),High,0.0,0.0,16.71882359236055,0.0,7.833075710863126,0.1781081213387073,0.4126984126984127,0.0625,2.9
9,all,R17,IF (RawFPcounts IS High) AND (Input IS Low) AND (File IS Medium),Medium,0.0,0.0,10.549003184999506,0.0,7.833075710863126,0.1781081213387073,0.4126984126984127,0.0625,2.9
9,all,R18,IF (RawFPcounts IS High) AND (Input IS Medium) AND (File IS Medium),High,0.0,0.0,16.71882359236055,0.0,7.833075710863126,0.1781081213387073,0.4126984126984127,0.0625,2.9
9,all,R19,IF (RawFPcounts IS High) AND (Input IS Medium) AND (File IS High),High,0.0,0.0,16.71882359236055,0.0,7.833075710863126,0.1781081213387073,0.4126984126984127,0.0625,2.9
9,all,R20,IF (RawFPcounts IS High) AND (Input IS High) AND (File IS High),Very_High,0.0,0.0,0.0,0.0,7.833075710863126,0.1781081213387073,0.4126984126984127,0.0625,2.9
10,all,R1,IF (RawFPcounts IS Low) AND (Input IS Low) AND (File IS Low),Very_Low,0.0,0.0,3.005602476508216,0.0,12.526093619110053,0.4912781684969729,0.3333333333333333,0.25,7.5
10,all,R2,IF (RawFPcounts IS Low) AND (Input IS Low) AND (File IS Medium),Low,0.0,0.0,24.864158654378414,0.0,12.526093619110053,0.4912781684969729,0.3333333333333333,0.25,7.5
10,all,R3,IF (RawFPcounts IS Low) AND (Input IS Low) AND (File IS High),Medium,0.0,0.0,11.316438293632483,0.0,12.526093619110053,0.4912781684969729,0.3333333333333333,0.25,7.5
10,all,R4,IF (RawFPcounts IS Low) AND (Input IS Medium) AND (File IS Low),Low,0.0,0.0,24.864158654378414,0.0,12.526093619110053,0.4912781684969729,0.3333333333333333,0.25,7.5
10,all,R5,IF (RawFPcounts IS Low) AND (Input IS Medium) AND (File IS Medium),Medium,0.0,0.0,11.316438293632483,0.0,12.526093619110053,0.4912781684969729,0.3333333333333333,0.25,7.5
10,all,R6,IF (RawFPcounts IS Low) AND (Input IS Medium) AND (File IS High),Medium,0.0,0.0,11.316438293632483,0.0,12.526093619110053,0.4912781684969729,0.3333333333333333,0.25,7.5
10,all,R7,IF (RawFPcounts IS Low) AND (Input IS High) AND (File IS Medium),Medium,0.0,0.0,11.316438293632483,0.0,12.526093619110053,0.4912781684969729,0.3333333333333333,0.25,7.5
10,all,R8,IF (RawFPcounts IS Low) AND (Input IS High) AND (File IS High),High,0.0,0.0,17.398562168984608,0.0,12.526093619110053,0.4912781684969729,0.3333333333333333,0.25,7.5
10,all,R9,IF (RawFPcounts IS Medium) AND (Input IS Low) AND (File IS Low),Low,0.041596290662643726,0.0892884775642777,24.864158654378414,2.2200828721661083,12.526093619110053,0.4912781684969729,0.3333333333333333,0.25,7.5
10,all,R10,IF (RawFPcounts IS Medium) AND (Input IS Low) AND (File IS Medium),Medium,0.020744253907345276,0.044528558198029415,11.316438293632483,0.5039046811524227,12.526093619110053,0.4912781684969729,0.3333333333333333,0.25,7.5
10,all,R11,IF (RawFPcounts IS Medium) AND (Input IS Low) AND (File IS High),Medium,0.0,0.0,11.316438293632483,0.0,12.526093619110053,0.4912781684969729,0.3333333333333333,0.25,7.5
10,all,R12,IF (RawFPcounts IS Medium) AND (Input IS Medium) AND (File IS Low),Medium,0.269248217480021,0.5779545012958774,11.316438293632483,6.5403864504419325,12.526093619110053,0.4912781684969729,0.3333333333333333,0.25,7.5
10,all,R13,IF (RawFPcounts IS Medium) AND (Input IS Medium) AND (File IS Medium),Medium,0.1342752754759861,0.2882284629418155,11.316438293632483,3.261719615349592,12.526093619110053,0.4912781684969729,0.3333333333333333,0.25,7.5
10,all,R14,IF (RawFPcounts IS Medium) AND (Input IS Medium) AND (File IS High),High,0.0,0.0,17.398562168984608,0.0,12.526093619110053,0.4912781684969729,0.3333333333333333,0.25,7.5
10,all,R15,IF (RawFPcounts IS Medium) AND (Input IS High) AND (File IS Medium),High,0.0,0.0,17.398562168984608,0.0,12.526093619110053,0.4912781684969729,0.3333333333333333,0.25,7.5
10,all,R16,IF (RawFPcounts IS Medium) AND (Input IS High) AND (File IS High),High,0.0,0.0,17.398562168984608,0.0,12.526093619110053,0.4912781684969729,0.3333333333333333,0.25,7.5
10,all,R17,IF (RawFPcounts IS High) AND (Input IS Low) AND (File IS Medium),Medium,0.0,0.0,11.316438293632483,0.0,12.526093619110053,0.4912781684969729,0.3333333333333333,0.25,7.5
10,all,R18,IF (RawFPcounts IS High) AND (Input IS Medium) AND (File IS Medium),High,0.0,0.0,17.398562168984608,0.0,12.526093619110053,0.4912781684969729,0.3333333333333333,0.25,7.5
10,all,R19,IF (RawFPcounts IS High) AND (Input IS Medium) AND (File IS High),High,0.0,0.0,17.398562168984608,0.0,12.526093619110053,0.4912781684969729,0.3333333333333333,0.25,7.5
10,all,R20,IF (RawFPcounts IS High) AND (Input IS High) AND (File IS High),Very_High,0.0,0.0,0.0,0.0,12.526093619110053,0.4912781684969729,0.3333333333333333,0.25,7.5
11,all,R1,IF (RawFPcounts IS Low) AND (Input IS Low) AND (File IS Low),Very_Low,0.0,0.0,9.06940232759786,0.0,12.121982687430158,1.0,0.5714285714285714,1.0,12.0
11,all,R2,IF (RawFPcounts IS Low) AND (Input IS Low) AND (File IS Medium),Low,0.0,0.0,45.6880240346614,0.0,12.121982687430158,1.0,0.5714285714285714,1.0,12.0
11,all,R3,IF (RawFPcounts IS Low) AND (Input IS Low) AND (File IS High),Medium,0.0,0.0,6.006021912764808,0.0,12.121982687430158,1.0,0.5714285714285714,1.0,12.0
11,all,R4,IF (RawFPcounts IS Low) AND (Input IS Medium) AND (File IS Low),Low,0.0,0.0,45.6880240346614,0.0,12.121982687430158,1.0,0.5714285714285714,1.0,12.0
11,all,R5,IF (RawFPcounts IS Low) AND (Input IS Medium) AND (File IS Medium),Medium,0.0,0.0,6.006021912764808,0.0,12.121982687430158,1.0,0.5714285714285714,1.0,12.0
11,all,R6,IF (RawFPcounts IS Low) AND (Input IS Medium) AND (File IS High),Medium,0.0,0.0,6.006021912764808,0.0,12.121982687430158,1.0,0.5714285714285714,1.0,12.0
11,all,R7,IF (RawFPcounts IS Low) AND (Input IS High) AND (File IS Medium),Medium,0.0,0.0,6.006021912764808,0.0,12.121982687430158,1.0,0.5714285714285714,1.0,12.0
11,all,R8,IF (RawFPcounts IS Low) AND (Input IS High) AND (File IS High),High,0.0,0.0,12.122073391227069,0.0,12.121982687430158,1.0,0.5714285714285714,1.0,12.0
11,all,R9,IF (RawFPcounts IS Medium) AND (Input IS Low) AND (File IS Low),Low,0.0,0.0,45.6880240346614,0.0,12.121982687430158,1.0,0.5714285714285714,1.0,12.0
11,all,R10,IF (RawFPcounts IS Medium) AND (Input IS Low) AND (File IS Medium),Medium,0.0,0.0,6.006021912764808,0.0,12.121982687430158,1.0,0.5714285714285714,1.0,12.0
11,all,R11,IF (RawFPcounts IS Medium) AND (Input IS Low) AND (File IS High),Medium,0.0,0.0,6.006021912764808,0.0,12.121982687430158,1.0,0.5714285714285714,1.0,12.0
11,all,R12,IF (RawFPcounts IS Medium) AND (Input IS Medium) AND (File IS Low),Medium,0.0,0.0,6.006021912764808,0.0,12.121982687430158,1.0,0.5714285714285714,1.0,12.0
11,all,R13,IF (RawFPcounts IS Medium) AND (Input IS Medium) AND (File IS Medium),Medium,1.3343385075004545e-05,1.4830450206421732e-05,6.006021912764808,8.90720089159363e-05,12.121982687430158,1.0,0.5714285714285714,1.0,12.0
11,all,R14,IF (RawFPcounts IS Medium) AND (Input IS Medium) AND (File IS High),High,0.003451541830562535,0.003836201905723833,12.122073391227069,0.04650272104474945,12.121982687430158,1.0,0.5714285714285714,1.0,12.0
11,all,R15,IF (RawFPcounts IS Medium) AND (Input IS High) AND (File IS Medium),High,0.0,0.0,12.122073391227069,0.0,12.121982687430158,1.0,0.5714285714285714,1.0,12.0
11,all,R16,IF (RawFPcounts IS Medium) AND (Input IS High) AND (File IS High),High,0.0,0.0,12.122073391227069,0.0,12.121982687430158,1.0,0.5714285714285714,1.0,12.0
11,all,R17,IF (RawFPcounts IS High) AND (Input IS Low) AND (File IS Medium),Medium,0.0,0.0,6.006021912764808,0.0,12.121982687430158,1.0,0.5714285714285714,1.0,12.0
11,all,R18,IF (RawFPcounts IS High) AND (Input IS Medium) AND (File IS Medium),High,0.003451541830562535,0.003836201905723833,12.122073391227069,0.04650272104474945,12.121982687430158,1.0,0.5714285714285714,1.0,12.0
11,all,R19,IF (RawFPcounts IS High) AND (Input IS Medium) AND (File IS High),High,0.8928125015622332,0.9923127657383459,12.122073391227069,12.028888173331742,12.121982687430158,1.0,0.5714285714285714,1.0,12.0
11,all,R20,IF (RawFPcounts IS High) AND (Input IS High) AND (File IS High),Very_High,0.0,0.0,0.0,0.0,12.121982687430158,1.0,0.5714285714285714,1.0,12.0
12,all,R1,IF (RawFPcounts IS Low) AND (Input IS Low) AND (File IS Low),Very_Low,0.96875,0.9167680141254921,3.235723740133421,2.9664080275008264,3.516055423192409,0.0497364685149225,0.0,0.15625,4.1
12,all,R2,IF (RawFPcounts IS Low) AND (Input IS Low) AND (File IS Medium),Low,0.07237690258523843,0.06849324309844979,6.604985474169282,0.4523968757440062,3.516055423192409,0.0497364685149225,0.0,0.15625,4.1
12,all,R3,IF (RawFPcounts IS Low) AND (Input IS Low) AND (File IS High),Medium,0.0,0.0,6.5122380409419005,0.0,3.516055423192409,0.0497364685149225,0.0,0.15625,4.1
12,all,R4,IF (RawFPcounts IS Low) AND (Input IS Medium) AND (File IS Low),Low,0.0037451101351142825,0.0035441519290322315,6.604985474169282,0.02340907200950693,3.516055423192409,0.0497364685149225,0.0,0.15625,4.1
12,all,R5,IF (RawFPcounts IS Low) AND (Input IS Medium) AND (File IS Medium),Medium,0.00027980332533693476,0.0002647894079121039,6.5122380409419005,0.0017243716550436855,3.516055423192409,0.0497364685149225,0.0,0.15625,4.1
12,all,R6,IF (RawFPcounts IS Low) AND (Input IS Medium) AND (File IS High),Medium,0.0,0.0,6.5122380409419005,0.0,3.516055423192409,0.0497364685149225,0.0,0.15625,4.1
12,all,R7,IF (RawFPcounts IS Low) AND (Input IS High) AND (File IS Medium),Medium,0.0,0.0,6.5122380409419005,0.0,3.516055423192409,0.0497364685149225,0.0,0.15625,4.1
12,all,R8,IF (RawFPcounts IS Low) AND (Input IS High) AND (File IS High),High,0.0,0.0,19.040556418515813,0.0,3.516055423192409,0.0497364685149225,0.0,0.15625,4.1
12,all,R9,IF (RawFPcounts IS Medium) AND (Input IS Low) AND (File IS Low),Low,0.010705251416479359,0.010130820213470858,6.604985474169282,0.06691392035139555,3.516055423192409,0.0497364685149225,0.0,0.15625,4.1
12,all,R10,IF (RawFPcounts IS Medium) AND (Input IS Low) AND (File IS Medium),Medium,0.0007998069046926578,0.0007568902066569751,6.5122380409419005,0.00492904919660793,3.516055423192409,0.0497364685149225,0.0,0.15625,4.1
12,all,R11,IF (RawFPcounts IS Medium) AND (Input IS Low) AND (File IS High),Medium,0.0,0.0,6.5122380409419005,0.0,3.516055423192409,0.0497364685149225,0.0,0.15625,4.1
12,all,R12,IF (RawFPcounts IS Medium) AND (Input IS Medium) AND (File IS Low),Medium,4.138564704908735e-05,3.916494189263519e-05,6.5122380409419005,0.00025505142446449795,3.516055423192409,0.0497364685149225,0.0,0.15625,4.1
12,all,R13,IF (RawFPcounts IS Medium) AND (Input IS Medium) AND (File IS Medium),Medium,3.091989620540754e-06,2.926077093284935e-06,6.5122380409419005,1.9055310557618856e-05,3.516055423192409,0.0497364685149225,0.0,0.15625,4.1
12,all,R14,IF (RawFPcounts IS Medium) AND (Input IS Medium) AND (File IS High),High,0.0,0.0,19.040556418515813,0.0,3.516055423192409,0.0497364685149225,0.0,0.15625,4.1
12,all,R15,IF (RawFPcounts IS Medium) AND (Input IS High) AND (File IS Medium),High,0.0,0.0,19.040556418515813,0.0,3.516055423192409,0.0497364685149225,0.0,0.15625,4.1
12,all,R16,IF (RawFPcounts IS Medium) AND (Input IS High) AND (File IS High),High,0.0,0.0,19.040556418515813,0.0,3.516055423192409,0.0497364685149225,0.0,0.15625,4.1
12,all,R17,IF (RawFPcounts IS High) AND (Input IS Low) AND (File IS Medium),Medium,0.0,0.0,6.5122380409419005,0.0,3.516055423192409,0.0497364685149225,0.0,0.15625,4.1
12,all,R18,IF (RawFPcounts IS High) AND (Input IS Medium) AND (File IS Medium),High,0.0,0.0,19.040556418515813,0.0,3.516055423192409,0.0497364685149225,0.0,0.15625,4.1
12,all,R19,IF (RawFPcounts IS High) AND (Input IS Medium) AND (File IS High),High,0.0,0.0,19.040556418515813,0.0,3.516055423192409,0.0497364685149225,0.0,0.15625,4.1
12,all,R20,IF (RawFPcounts IS High) AND (Input IS High) AND (File IS High),Very_High,0.0,0.0,0.0,0.0,3.516055423192409,0.0497364685149225,0.0,0.15625,4.1
13,all,R1,IF (RawFPcounts IS Low) AND (Input IS Low) AND (File IS Low),Very_Low,0.0,0.0,2.469903894104806,0.0,13.754971037984419,0.4864318000097906,0.3333333333333333,0.1875,15.8
13,all,R2,IF (RawFPcounts IS Low) AND (Input IS Low) AND (File IS Medium),Low,0.0,0.0,24.84450290419621,0.0,13.754971037984419,0.4864318000097906,0.3333333333333333,0.1875,15.8
13,all,R3,IF (RawFPcounts IS Low) AND (Input IS Low) AND (File IS High),Medium,0.0,0.0,12.280864155961495,0.0,13.754971037984419,0.4864318000097906,0.3333333333333333,0.1875,15.8
13,all,R4,IF (RawFPcounts IS Low) AND (Input IS Medium) AND (File IS Low),Low,0.0,0.0,24.84450290419621,0.0,13.754971037984419,0.4864318000097906,0.3333333333333333,0.1875,15.8
13,all,R5,IF (RawFPcounts IS Low) AND (Input IS Medium) AND (File IS Medium),Medium,0.0,0.0,12.280864155961495,0.0,13.754971037984419,0.4864318000097906,0.3333333333333333,0.1875,15.8
13,all,R6,IF (RawFPcounts IS Low) AND (Input IS Medium) AND (File IS High),Medium,0.0,0.0,12.280864155961495,0.0,13.754971037984419,0.4864318000097906,0.3333333333333333,0.1875,15.8
13,all,R7,IF (RawFPcounts IS Low) AND (Input IS High) AND (File IS Medium),Medium,0.0,0.0,12.280864155961495,0.0,13.754971037984419,0.4864318000097906,0.3333333333333333,0.1875,15.8
13,all,R8,IF (RawFPcounts IS Low) AND (Input IS High) AND (File IS High),High,0.0,0.0,17.829506598701,0.0,13.754971037984419,0.4864318000097906,0.3333333333333333,0.1875,15.8
13,all,R9,IF (RawFPcounts IS Medium) AND (Input IS Low) AND (File IS Low),Low,0.06743190278778771,0.11733120567718035,24.84450290419621,2.91503548019955,13.754971037984419,0.4864318000097906,0.3333333333333333,0.1875,15.8
13,all,R10,IF (RawFPcounts IS Medium) AND (Input IS Low) AND (File IS Medium),Medium,0.009474639634530414,0.01648583008512675,12.280864155961495,0.20246023977370475,13.754971037984419,0.4864318000097906,0.3333333333333333,0.1875,15.8
13,all,R11,IF (RawFPcounts IS Medium) AND (Input IS Low) AND (File IS High),Medium,0.0,0.0,12.280864155961495,0.0,13.754971037984419,0.4864318000097906,0.3333333333333333,0.1875,15.8
13,all,R12,IF (RawFPcounts IS Medium) AND (Input IS Medium) AND (File IS Low),Medium,0.4364792950926065,0.7594719981061575,12.280864155961495,9.326972438998366,13.754971037984419,0.4864318000097906,0.3333333333333333,0.1875,15.8
13,all,R13,IF (RawFPcounts IS Medium) AND (Input IS Medium) AND (File IS Medium),Medium,0.06132830096684243,0.10671096613153548,12.280864155961495,1.3105028790127953,13.754971037984419,0.4864318000097906,0.3333333333333333,0.1875,15.8
13,all,R14,IF (RawFPcounts IS Medium) AND (Input IS Medium) AND (File IS High),High,0.0,0.0,17.829506598701,0.0,13.754971037984419,0.4864318000097906,0.3333333333333333,0.1875,15.8
13,all,R15,IF (RawFPcounts IS Medium) AND (Input IS High) AND (File IS Medium),High,0.0,0.0,17.829506598701,0.0,13.754971037984419,0.4864318000097906,0.3333333333333333,0.1875,15.8
13,all,R16,IF (RawFPcounts IS Medium) AND (Input IS High) AND (File IS High),High,0.0,0.0,17.829506598701,0.0,13.754971037984419,0.4864318000097906,0.3333333333333333,0.1875,15.8
13,all,R17,IF (RawFPcounts IS High) AND (Input IS Low) AND (File IS Medium),Medium,0.0,0.0,12.280864155961495,0.0,13.754971037984419,0.4864318000097906,0.3333333333333333,0.1875,15.8
13,all,R18,IF (RawFPcounts IS High) AND (Input IS Medium) AND (File IS Medium),High,0.0,0.0,17.829506598701,0.0,13.754971037984419,0.4864318000097906,0.3333333333333333,0.1875,15.8
13,all,R19,IF (RawFPcounts IS High) AND (Input IS Medium) AND (File IS High),High,0.0,0.0,17.829506598701,0.0,13.754971037984419,0.4864318000097906,0.3333333333333333,0.1875,15.8
13,all,R20,IF (RawFPcounts IS High) AND (Input IS High) AND (File IS High),Very_High,0.0,0.0,0.0,0.0,13.754971037984419,0.4864318000097906,0.3333333333333333,0.1875,15.8
14,all,R1,IF (RawFPcounts IS Low) AND (Input IS Low) AND (File IS Low),Very_Low,0.0,0.0,0.23931966767173907,0.0,16.115806526703917,0.5897067702299169,0.5555555555555556,0.0625,18.3
14,all,R2,IF (RawFPcounts IS Low) AND (Input IS Low) AND (File IS Medium),Low,0.0,0.0,27.441435705412083,0.0,16.115806526703917,0.5897067702299169,0.5555555555555556,0.0625,18.3
14,all,R3,IF (RawFPcounts IS Low) AND (Input IS Low) AND (File IS High),Medium,0.0,0.0,16.115806526703913,0.0,16.115806526703917,0.5897067702299169,0.5555555555555556,0.0625,18.3
14,all,R4,IF (RawFPcounts IS Low) AND (Input IS Medium) AND (File IS Low),Low,0.0,0.0,27.441435705412083,0.0,16.115806526703917,0.5897067702299169,0.5555555555555556,0.0625,18.3
14,all,R5,IF (RawFPcounts IS Low) AND (Input IS Medium) AND (File IS Medium),Medium,0.0,0.0,16.115806526703913,0.0,16.115806526703917,0.5897067702299169,0.5555555555555556,0.0625,18.3
14,all,R6,IF (RawFPcounts IS Low) AND (Input IS Medium) AND (File IS High),Medium,0.0,0.0,16.115806526703913,0.0,16.115806526703917,0.5897067702299169,0.5555555555555556,0.0625,18.3
14,all,R7,IF (RawFPcounts IS Low) AND (Input IS High) AND (File IS Medium),Medium,0.0,0.0,16.115806526703913,0.0,16.115806526703917,0.5897067702299169,0.5555555555555556,0.0625,18.3
14,all,R8,IF (RawFPcounts IS Low) AND (Input IS High) AND (File IS High),High,0.0,0.0,17.265536548229907,0.0,16.115806526703917,0.5897067702299169,0.5555555555555556,0.0625,18.3
14,all,R9,IF (RawFPcounts IS Medium) AND (Input IS Low) AND (File IS Low),Low,0.0,0.0,27.441435705412083,0.0,16.115806526703917,0.5897067702299169,0.5555555555555556,0.0625,18.3
14,all,R10,IF (RawFPcounts IS Medium) AND (Input IS Low) AND (File IS Medium),Medium,0.0,0.0,16.115806526703913,0.0,16.115806526703917,0.5897067702299169,0.5555555555555556,0.0625,18.3
14,all,R11,IF (RawFPcounts IS Medium) AND (Input IS Low) AND (File IS High),Medium,0.0,0.0,16.115806526703913,0.0,16.115806526703917,0.5897067702299169,0.5555555555555556,0.0625,18.3
14,all,R12,IF (RawFPcounts IS Medium) AND (Input IS Medium) AND (File IS Low),Medium,0.7808157306163975,0.9859844370936222,16.115806526703913,15.88993442654188,16.115806526703917,0.5897067702299169,0.5555555555555556,0.0625,18.3
14,all,R13,IF (RawFPcounts IS Medium) AND (Input IS Medium) AND (File IS Medium),Medium,0.011099132581647882,0.014015562906377935,16.115806526703913,0.2258721001620348,16.115806526703917,0.5897067702299169,0.5555555555555556,0.0625,18.3
14,all,R14,IF (RawFPcounts IS Medium) AND (Input IS Medium) AND (File IS High),High,0.0,0.0,17.265536548229907,0.0,16.115806526703917,0.5897067702299169,0.5555555555555556,0.0625,18.3
14,all,R15,IF (RawFPcounts IS Medium) AND (Input IS High) AND (File IS Medium),High,0.0,0.0,17.265536548229907,0.0,16.115806526703917,0.5897067702299169,0.5555555555555556,0.0625,18.3
14,all,R16,IF (RawFPcounts IS Medium) AND (Input IS High) AND (File IS High),High,0.0,0.0,17.265536548229907,0.0,16.115806526703917,0.5897067702299169,0.5555555555555556,0.0625,18.3
14,all,R17,IF (RawFPcounts IS High) AND (Input IS Low) AND (File IS Medium),Medium,0.0,0.0,16.115806526703913,0.0,16.115806526703917,0.5897067702299169,0.5555555555555556,0.0625,18.3
14,all,R18,IF (RawFPcounts IS High) AND (Input IS Medium) AND (File IS Medium),High,0.0,0.0,17.265536548229907,0.0,16.115806526703917,0.5897067702299169,0.5555555555555556,0.0625,18.3
14,all,R19,IF (RawFPcounts IS High) AND (Input IS Medium) AND (File IS High),High,0.0,0.0,17.265536548229907,0.0,16.115806526703917,0.5897067702299169,0.5555555555555556,0.0625,18.3
14,all,R20,IF (RawFPcounts IS High) AND (Input IS High) AND (File IS High),Very_High,0.0,0.0,0.0,0.0,16.115806526703917,0.5897067702299169,0.5555555555555556,0.0625,18.3
15,all,R1,IF (RawFPcounts IS Low) AND (Input IS Low) AND (File IS Low),Very_Low,0.0535892194396593,0.11937645584120767,1.2513322450278204,0.14937960849124285,11.623573971716816,0.2841244717131994,0.3174603174603174,0.09375,8.9
15,all,R2,IF (RawFPcounts IS Low) AND (Input IS Low) AND (File IS Medium),Low,0.0013686340460343752,0.0030487975653976924,14.548051248593302,0.04435406322799212,11.623573971716816,0.2841244717131994,0.3174603174603174,0.09375,8.9
15,all,R3,IF (RawFPcounts IS Low) AND (Input IS Low) AND (File IS High),Medium,0.0,0.0,11.196743114361517,0.0,11.623573971716816,0.2841244717131994,0.3174603174603174,0.09375,8.9
15,all,R4,IF (RawFPcounts IS Low) AND (Input IS Medium) AND (File IS Low),Low,0.1570782588904428,0.34991078489513344,14.548051248593302,5.090520031089908,11.623573971716816,0.2841244717131994,0.3174603174603174,0.09375,8.9
15,all,R5,IF (RawFPcounts IS Low) AND (Input IS Medium) AND (File IS Medium),Medium,0.004011677260037892,0.008936495405038037,11.196743114361517,0.10005964339288298,11.623573971716816,0.2841244717131994,0.3174603174603174,0.09375,8.9
15,all,R6,IF (RawFPcounts IS Low) AND (Input IS Medium) AND (File IS High),Medium,0.0,0.0,11.196743114361517,0.0,11.623573971716816,0.2841244717131994,0.3174603174603174,0.09375,8.9
15,all,R7,IF (RawFPcounts IS Low) AND (Input IS High) AND (File IS Medium),Medium,0.0,0.0,11.196743114361517,0.0,11.623573971716816,0.2841244717131994,0.3174603174603174,0.09375,8.9
15,all,R8,IF (RawFPcounts IS Low) AND (Input IS High) AND (File IS High),High,0.0,0.0,17.77064054753639,0.0,11.623573971716816,0.2841244717131994,0.3174603174603174,0.09375,8.9
15,all,R9,IF (RawFPcounts IS Medium) AND (Input IS Low) AND (File IS Low),Low,0.05775978904605954,0.12866690312998955,14.548051248593302,1.8718527007328778,11.623573971716816,0.2841244717131994,0.3174603174603174,0.09375,8.9
15,all,R10,IF (RawFPcounts IS Medium) AND (Input IS Low) AND (File IS Medium),Medium,0.001475147699607976,0.0032860695875556525,11.196743114361517,0.036793277027776544,11.623573971716816,0.2841244717131994,0.3174603174603174,0.09375,8.9
15,all,R11,IF (RawFPcounts IS Medium) AND (Input IS Low) AND (File IS High),Medium,0.0,0.0,11.196743114361517,0.0,11.623573971716816,0.2841244717131994,0.3174603174603174,0.09375,8.9
15,all,R12,IF (RawFPcounts IS Medium) AND (Input IS Medium) AND (File IS Low),Medium,0.16930284098371975,0.37714251731621257,11.196743114361517,4.2227678838932725,11.623573971716816,0.2841244717131994,0.3174603174603174,0.09375,8.9
15,all,R13,IF (RawFPcounts IS Medium) AND (Input IS Medium) AND (File IS Medium),Medium,0.004323885189661496,0.00963197625946535,11.196743114361517,0.10784676386086227,11.623573971716816,0.2841244717131994,0.3174603174603174,0.09375,8.9
15,all,R14,IF (RawFPcounts IS Medium) AND (Input IS Medium) AND (File IS High),High,0.0,0.0,17.77064054753639,0.0,11.623573971716816,0.2841244717131994,0.3174603174603174,0.09375,8.9
15,all,R15,IF (RawFPcounts IS Medium) AND (Input IS High) AND (File IS Medium),High,0.0,0.0,17.77064054753639,0.0,11.623573971716816,0.2841244717131994,0.3174603174603174,0.09375,8.9
15,all,R16,IF (RawFPcounts IS Medium) AND (Input IS High) AND (File IS High),High,0.0,0.0,17.77064054753639,0.0,11.623573971716816,0.2841244717131994,0.3174603174603174,0.09375,8.9
15,all,R17,IF (RawFPcounts IS High) AND (Input IS Low) AND (File IS Medium),Medium,0.0,0.0,11.196743114361517,0.0,11.623573971716816,0.2841244717131994,0.3174603174603174,0.09375,8.9
15,all,R18,IF (RawFPcounts IS High) AND (Input IS Medium) AND (File IS Medium),High,0.0,0.0,17.77064054753639,0.0,11.623573971716816,0.2841244717131994,0.3174603174603174,0.09375,8.9
15,all,R19,IF (RawFPcounts IS High) AND (Input IS Medium) AND (File IS High),High,0.0,0.0,17.77064054753639,0.0,11.623573971716816,0.2841244717131994,0.3174603174603174,0.09375,8.9
15,all,R20,IF (RawFPcounts IS High) AND (Input IS High) AND (File IS High),Very_High,0.0,0.0,0.0,0.0,11.623573971716816,0.2841244717131994,0.3174603174603174,0.09375,8.9
16,all,R1,IF (RawFPcounts IS Low) AND (Input IS Low) AND (File IS Low),Very_Low,0.0,0.0,6.131260188456687,0.0,5.271353527380706,0.4677806243166946,0.2857142857142857,0.59375,3.6
16,all,R2,IF (RawFPcounts IS Low) AND (Input IS Low) AND (File IS Medium),Low,0.0,0.0,23.00876291435965,0.0,5.271353527380706,0.4677806243166946,0.2857142857142857,0.59375,3.6
16,all,R3,IF (RawFPcounts IS Low) AND (Input IS Low) AND (File IS High),Medium,0.0,0.0,5.271353527380706,0.0,5.271353527380706,0.4677806243166946,0.2857142857142857,0.59375,3.6
16,all,R4,IF (RawFPcounts IS Low) AND (Input IS Medium) AND (File IS Low),Low,0.0,0.0,23.00876291435965,0.0,5.271353527380706,0.4677806243166946,0.2857142857142857,0.59375,3.6
16,all,R5,IF (RawFPcounts IS Low) AND (Input IS Medium) AND (File IS Medium),Medium,0.0,0.0,5.271353527380706,0.0,5.271353527380706,0.4677806243166946,0.2857142857142857,0.59375,3.6
16,all,R6,IF (RawFPcounts IS Low) AND (Input IS Medium) AND (File IS High),Medium,0.0,0.0,5.271353527380706,0.0,5.271353527380706,0.4677806243166946,0.2857142857142857,0.59375,3.6
16,all,R7,IF (RawFPcounts IS Low) AND (Input IS High) AND (File IS Medium),Medium,0.0,0.0,5.271353527380706,0.0,5.271353527380706,0.4677806243166946,0.2857142857142857,0.59375,3.6
16,all,R8,IF (RawFPcounts IS Low) AND (Input IS High) AND (File IS High),High,0.0,0.0,15.221905481623137,0.0,5.271353527380706,0.4677806243166946,0.2857142857142857,0.59375,3.6
16,all,R9,IF (RawFPcounts IS Medium) AND (Input IS Low) AND (File IS Low),Low,0.0,0.0,23.00876291435965,0.0,5.271353527380706,0.4677806243166946,0.2857142857142857,0.59375,3.6
16,all,R10,IF (RawFPcounts IS Medium) AND (Input IS Low) AND (File IS Medium),Medium,0.2583704015224782,0.47138834878529934,5.271353527380706,2.4848546351355543,5.271353527380706,0.4677806243166946,0.2857142857142857,0.59375,3.6
16,all,R11,IF (RawFPcounts IS Medium) AND (Input IS Low) AND (File IS High),Medium,0.0,0.0,5.271353527380706,0.0,5.271353527380706,0.4677806243166946,0.2857142857142857,0.59375,3.6
16,all,R12,IF (RawFPcounts IS Medium) AND (Input IS Medium) AND (File IS Low),Medium,0.0,0.0,5.271353527380706,0.0,5.271353527380706,0.4677806243166946,0.2857142857142857,0.59375,3.6
16,all,R13,IF (RawFPcounts IS Medium) AND (Input IS Medium) AND (File IS Medium),Medium,0.28973479070015934,0.5286116512147007,5.271353527380706,2.7864988922451515,5.271353527380706,0.4677806243166946,0.2857142857142857,0.59375,3.6
16,all,R14,IF (RawFPcounts IS Medium) AND (Input IS Medium) AND (File IS High),High,0.0,0.0,15.221905481623137,0.0,5.271353527380706,0.4677806243166946,0.2857142857142857,0.59375,3.6
16,all,R15,IF (RawFPcounts IS Medium) AND (Input IS High) AND (File IS Medium),High,0.0,0.0,15.221905481623137,0.0,5.271353527380706,0.4677806243166946,0.2857142857142857,0.59375,3.6
16,all,R16,IF (RawFPcounts IS Medium) AND (Input IS High) AND (File IS High),High,0.0,0.0,15.221905481623137,0.0,5.271353527380706,0.4677806243166946,0.2857142857142857,0.59375,3.6
16,all,R17,IF (RawFPcounts IS High) AND (Input IS Low) AND (File IS Medium),Medium,0.0,0.0,5.271353527380706,0.0,5.271353527380706,0.4677806243166946,0.2857142857142857,0.59375,3.6
16,all,R18,IF (RawFPcounts IS High) AND (Input IS Medium) AND (File IS Medium),High,0.0,0.0,15.221905481623137,0.0,5.271353527380706,0.4677806243166946,0.2857142857142857,0.59375,3.6
16,all,R19,IF (RawFPcounts IS High) AND (Input IS Medium) AND (File IS High),High,0.0,0.0,15.221905481623137,0.0,5.271353527380706,0.4677806243166946,0.2857142857142857,0.59375,3.6
16,all,R20,IF (RawFPcounts IS High) AND (Input IS High) AND (File IS High),Very_High,0.0,0.0,0.0,0.0,5.271353527380706,0.4677806243166946,0.2857142857142857,0.59375,3.6
17,all,R1,IF (RawFPcounts IS Low) AND (Input IS Low) AND (File IS Low),Very_Low,0.0,0.0,0.4480010330460269,0.0,14.677478516463486,0.8231972977824192,0.8571428571428571,0.25,11.8
17,all,R2,IF (RawFPcounts IS Low) AND (Input IS Low) AND (File IS Medium),Low,0.0,0.0,34.61642712414771,0.0,14.677478516463486,0.8231972977824192,0.8571428571428571,0.25,11.8
17,all,R3,IF (RawFPcounts IS Low) AND (Input IS Low) AND (File IS High),Medium,0.0,0.0,16.650029602530633,0.0,14.677478516463486,0.8231972977824192,0.8571428571428571,0.25,11.8
17,all,R4,IF (RawFPcounts IS Low) AND (Input IS Medium) AND (File IS Low),Low,0.0,0.0,34.61642712414771,0.0,14.677478516463486,0.8231972977824192,0.8571428571428571,0.25,11.8
17,all,R5,IF (RawFPcounts IS Low) AND (Input IS Medium) AND (File IS Medium),Medium,0.0,0.0,16.650029602530633,0.0,14.677478516463486,0.8231972977824192,0.8571428571428571,0.25,11.8
17,all,R6,IF (RawFPcounts IS Low) AND (Input IS Medium) AND (File IS High),Medium,0.0,0.0,16.650029602530633,0.0,14.677478516463486,0.8231972977824192,0.8571428571428571,0.25,11.8
17,all,R7,IF (RawFPcounts IS Low) AND (Input IS High) AND (File IS Medium),Medium,0.0,0.0,16.650029602530633,0.0,14.677478516463486,0.8231972977824192,0.8571428571428571,0.25,11.8
17,all,R8,IF (RawFPcounts IS Low) AND (Input IS High) AND (File IS High),High,0.0,0.0,14.320963838537054,0.0,14.677478516463486,0.8231972977824192,0.8571428571428571,0.25,11.8
17,all,R9,IF (RawFPcounts IS Medium) AND (Input IS Low) AND (File IS Low),Low,0.0,0.0,34.61642712414771,0.0,14.677478516463486,0.8231972977824192,0.8571428571428571,0.25,11.8
17,all,R10,IF (RawFPcounts IS Medium) AND (Input IS Low) AND (File IS Medium),Medium,0.0,0.0,16.650029602530633,0.0,14.677478516463486,0.8231972977824192,0.8571428571428571,0.25,11.8
17,all,R11,IF (RawFPcounts IS Medium) AND (Input IS Low) AND (File IS High),Medium,0.0,0.0,16.650029602530633,0.0,14.677478516463486,0.8231972977824192,0.8571428571428571,0.25,11.8
17,all,R12,IF (RawFPcounts IS Medium) AND (Input IS Medium) AND (File IS Low),Medium,0.0028831561274830376,0.10213619528677896,16.650029602530633,1.7005706750147194,14.677478516463486,0.8231972977824192,0.8571428571428571,0.25,11.8
17,all,R13,IF (RawFPcounts IS Medium) AND (Input IS Medium) AND (File IS Medium),Medium,0.0014378426972753828,0.050935771781735216,16.650029602530633,0.8480821079936358,14.677478516463486,0.8231972977824192,0.8571428571428571,0.25,11.8
17,all,R14,IF (RawFPcounts IS Medium) AND (Input IS Medium) AND (File IS High),High,0.0,0.0,14.320963838537054,0.0,14.677478516463486,0.8231972977824192,0.8571428571428571,0.25,11.8
17,all,R15,IF (RawFPcounts IS Medium) AND (Input IS High) AND (File IS Medium),High,0.015733280270563487,0.5573535789124041,14.320963838537054,7.981840448883748,14.677478516463486,0.8231972977824192,0.8571428571428571,0.25,11.8
17,all,R16,IF (RawFPcounts IS Medium) AND (Input IS High) AND (File IS High),High,0.0,0.0,14.320963838537054,0.0,14.677478516463486,0.8231972977824192,0.8571428571428571,0.25,11.8
17,all,R17,IF (RawFPcounts IS High) AND (Input IS Low) AND (File IS Medium),Medium,0.0,0.0,16.650029602530633,0.0,14.677478516463486,0.8231972977824192,0.8571428571428571,0.25,11.8
17,all,R18,IF (RawFPcounts IS High) AND (Input IS Medium) AND (File IS Medium),High,0.008174265343676287,0.2895744540190817,14.320963838537054,4.14698528457138,14.677478516463486,0.8231972977824192,0.8571428571428571,0.25,11.8
17,all,R19,IF (RawFPcounts IS High) AND (Input IS Medium) AND (File IS High),High,0.0,0.0,14.320963838537054,0.0,14.677478516463486,0.8231972977824192,0.8571428571428571,0.25,11.8
17,all,R20,IF (RawFPcounts IS High) AND (Input IS High) AND (File IS High),Very_High,0.0,0.0,0.0,0.0,14.677478516463486,0.8231972977824192,0.8571428571428571,0.25,11.8
18,all,R1,IF (RawFPcounts IS Low) AND (Input IS Low) AND (File IS Low),Very_Low,1.0,0.9492090024619809,0.9620373931883035,0.9131745543193941,1.0450629110955614,0.0,0.1269841269841269,0.0,0.5
18,all,R2,IF (RawFPcounts IS Low) AND (Input IS Low) AND (File IS Medium),Low,0.0038659201394728076,0.003669566199186666,2.5545423112644325,0.009374062119808145,1.0450629110955614,0.0,0.1269841269841269,0.0,0.5
18,all,R3,IF (RawFPcounts IS Low) AND (Input IS Low) AND (File IS High),Medium,0.0,0.0,8.703904781764345,0.0,1.0450629110955614,0.0,0.1269841269841269,0.0,0.5
18,all,R4,IF (RawFPcounts IS Low) AND (Input IS Medium) AND (File IS Low),Low,0.04541019223855446,0.043103763276365066,2.5545423112644325,0.11011038706420058,1.0450629110955614,0.0,0.1269841269841269,0.0,0.5
18,all,R5,IF (RawFPcounts IS Low) AND (Input IS Medium) AND (File IS Medium),Medium,0.00017555217671235947,0.00016663570653716812,8.703904781764345,0.0014503813229415378,1.0450629110955614,0.0,0.1269841269841269,0.0,0.5
18,all,R6,IF (RawFPcounts IS Low) AND (Input IS Medium) AND (File IS High),Medium,0.0,0.0,8.703904781764345,0.0,1.0450629110955614,0.0,0.1269841269841269,0.0,0.5
18,all,R7,IF (RawFPcounts IS Low) AND (Input IS High) AND (File IS Medium),Medium,0.0,0.0,8.703904781764345,0.0,1.0450629110955614,0.0,0.1269841269841269,0.0,0.5
18,all,R8,IF (RawFPcounts IS Low) AND (Input IS High) AND (File IS High),High,0.0,0.0,18.86206548003352,0.0,1.0450629110955614,0.0,0.1269841269841269,0.0,0.5
18,all,R9,IF (RawFPcounts IS Medium) AND (Input IS Low) AND (File IS Low),Low,0.0038659201394728076,0.003669566199186666,2.5545423112644325,0.009374062119808145,1.0450629110955614,0.0,0.1269841269841269,0.0,0.5
18,all,R10,IF (RawFPcounts IS Medium) AND (Input IS Low) AND (File IS Medium),Medium,1.4945338524781453e-05,1.4186249872564416e-05,8.703904781764345,0.00012347576810111725,1.0450629110955614,0.0,0.1269841269841269,0.0,0.5
18,all,R11,IF (RawFPcounts IS Medium) AND (Input IS Low) AND (File IS High),Medium,0.0,0.0,8.703904781764345,0.0,1.0450629110955614,0.0,0.1269841269841269,0.0,0.5
18,all,R12,IF (RawFPcounts IS Medium) AND (Input IS Medium) AND (File IS Low),Medium,0.00017555217671235947,0.00016663570653716812,8.703904781764345,0.0014503813229415378,1.0450629110955614,0.0,0.1269841269841269,0.0,0.5
18,all,R13,IF (RawFPcounts IS Medium) AND (Input IS Medium) AND (File IS Medium),Medium,6.786706954805997e-07,6.442003338573188e-07,8.703904781764345,5.607058366274905e-06,1.0450629110955614,0.0,0.1269841269841269,0.0,0.5
18,all,R14,IF (RawFPcounts IS Medium) AND (Input IS Medium) AND (File IS High),High,0.0,0.0,18.86206548003352,0.0,1.0450629110955614,0.0,0.1269841269841269,0.0,0.5
18,all,R15,IF (RawFPcounts IS Medium) AND (Input IS High) AND (File IS Medium),High,0.0,0.0,18.86206548003352,0.0,1.0450629110955614,0.0,0.1269841269841269,0.0,0.5
18,all,R16,IF (RawFPcounts IS Medium) AND (Input IS High) AND (File IS High),High,0.0,0.0,18.86206548003352,0.0,1.0450629110955614,0.0,0.1269841269841269,0.0,0.5
18,all,R17,IF (RawFPcounts IS High) AND (Input IS Low) AND (File IS Medium),Medium,0.0,0.0,8.703904781764345,0.0,1.0450629110955614,0.0,0.1269841269841269,0.0,0.5
18,all,R18,IF (RawFPcounts IS High) AND (Input IS Medium) AND (File IS Medium),High,0.0,0.0,18.86206548003352,0.0,1.0450629110955614,0.0,0.1269841269841269,0.0,0.5
18,all,R19,IF (RawFPcounts IS High) AND (Input IS Medium) AND (File IS High),High,0.0,0.0,18.86206548003352,0.0,1.0450629110955614,0.0,0.1269841269841269,0.0,0.5
18,all,R20,IF (RawFPcounts IS High) AND (Input IS High) AND (File IS High),Very_High,0.0,0.0,0.0,0.0,1.0450629110955614,0.0,0.1269841269841269,0.0,0.5
19,all,R1,IF (RawFPcounts IS Low) AND (Input IS Low) AND (File IS Low),Very_Low,0.0,0.0,4.777312185570215,0.0,8.898509539779168,0.1373300915425158,0.0793650793650793,0.375,6.1
19,all,R2,IF (RawFPcounts IS Low) AND (Input IS Low) AND (File IS Medium),Low,0.7066482778577162,0.9307170958818143,9.247867724921619,8.607148592038211,8.898509539779168,0.1373300915425158,0.0793650793650793,0.375,6.1
19,all,R3,IF (RawFPcounts IS Low) AND (Input IS Low) AND (File IS High),Medium,0.0,0.0,4.205380121536784,0.0,8.898509539779168,0.1373300915425158,0.0793650793650793,0.375,6.1
19,all,R4,IF (RawFPcounts IS Low) AND (Input IS Medium) AND (File IS Low),Low,0.0,0.0,9.247867724921619,0.0,8.898509539779168,0.1373300915425158,0.0793650793650793,0.375,6.1
19,all,R5,IF (RawFPcounts IS Low) AND (Input IS Medium) AND (File IS Medium),Medium,0.01385536118068942,0.018248712866857617,4.205380121536784,0.07674277433391556,8.898509539779168,0.1373300915425158,0.0793650793650793,0.375,6.1
19,all,R6,IF (RawFPcounts IS Low) AND (Input IS Medium) AND (File IS High),Medium,0.0,0.0,4.205380121536784,0.0,8.898509539779168,0.1373300915425158,0.0793650793650793,0.375,6.1
19,all,R7,IF (RawFPcounts IS Low) AND (Input IS High) AND (File IS Medium),Medium,0.0,0.0,4.205380121536784,0.0,8.898509539779168,0.1373300915425158,0.0793650793650793,0.375,6.1
19,all,R8,IF (RawFPcounts IS Low) AND (Input IS High) AND (File IS High),High,0.0,0.0,17.153756804058325,0.0,8.898509539779168,0.1373300915425158,0.0793650793650793,0.375,6.1
19,all,R9,IF (RawFPcounts IS Medium) AND (Input IS Low) AND (File IS Low),Low,0.0,0.0,9.247867724921619,0.0,8.898509539779168,0.1373300915425158,0.0793650793650793,0.375,6.1
19,all,R10,IF (RawFPcounts IS Medium) AND (Input IS Low) AND (File IS Medium),Medium,0.03800265829088841,0.05005279835608163,4.205380121536784,0.21049104323395473,8.898509539779168,0.1373300915425158,0.0793650793650793,0.375,6.1
19,all,R11,IF (RawFPcounts IS Medium) AND (Input IS Low) AND (File IS High),Medium,0.0,0.0,4.205380121536784,0.0,8.898509539779168,0.1373300915425158,0.0793650793650793,0.375,6.1
19,all,R12,IF (RawFPcounts IS Medium) AND (Input IS Medium) AND (File IS Low),Medium,0.0,0.0,4.205380121536784,0.0,8.898509539779168,0.1373300915425158,0.0793650793650793,0.375,6.1
19,all,R13,IF (RawFPcounts IS Medium) AND (Input IS Medium) AND (File IS Medium),Medium,0.0007451239505498367,0.0009813928952464876,4.205380121536784,0.0041271301730870106,8.898509539779168,0.1373300915425158,0.0793650793650793,0.375,6.1
19,all,R14,IF (RawFPcounts IS Medium) AND (Input IS Medium) AND (File IS High),High,0.0,0.0,17.153756804058325,0.0,8.898509539779168,0.1373300915425158,0.0793650793650793,0.375,6.1
19,all,R15,IF (RawFPcounts IS Medium) AND (Input IS High) AND (File IS Medium),High,0.0,0.0,17.153756804058325,0.0,8.898509539779168,0.1373300915425158,0.0793650793650793,0.375,6.1
19,all,R16,IF (RawFPcounts IS Medium) AND (Input IS High) AND (File IS High),High,0.0,0.0,17.153756804058325,0.0,8.898509539779168,0.1373300915425158,0.0793650793650793,0.375,6.1
19,all,R17,IF (RawFPcounts IS High) AND (Input IS Low) AND (File IS Medium),Medium,0.0,0.0,4.205380121536784,0.0,8.898509539779168,0.1373300915425158,0.0793650793650793,0.375,6.1
19,all,R18,IF (RawFPcounts IS High) AND (Input IS Medium) AND (File IS Medium),High,0.0,0.0,17.153756804058325,0.0,8.898509539779168,0.1373300915425158,0.0793650793650793,0.375,6.1
19,all,R19,IF (RawFPcounts IS High) AND (Input IS Medium) AND (File IS High),High,0.0,0.0,17.153756804058325,0.0,8.898509539779168,0.1373300915425158,0.0793650793650793,0.375,6.1
19,all,R20,IF (RawFPcounts IS High) AND (Input IS High) AND (File IS High),Very_High,0.0,0.0,0.0,0.0,8.898509539779168,0.1373300915425158,0.0793650793650793,0.375,6.1
