sample_index,split,rule_id,original_label,sugeno_output,firing_strength,normalized_firing_strength,rule_output,rule_contribution,RawFPcounts,Input,File,actual,predicted
0,all,R1,Very_Low,R1_OUT,1.031537056238687e-06,8.905514484141108e-07,-102.94722890589297,-9.1679803812362e-05,0.5637452474585122,1.0,0.28125,11.1,-39.63421530815107
0,all,R2,Low,R2_OUT,0.00020086886516357236,0.00017341505836444344,-85.06296823855001,-0.014751199601740948,0.5637452474585122,1.0,0.28125,11.1,-39.63421530815107
0,all,R3,Low,R3_OUT,7.036071420138521e-06,6.074414444399373e-06,-15.713180285470976,-9.544836929351635e-05,0.5637452474585122,1.0,0.28125,11.1,-39.63421530815107
0,all,R4,Low,R4_OUT,3.9309047006018224e-06,3.3936472311167943e-06,140.273578730229,0.00047603904205668527,0.5637452474585122,1.0,0.28125,11.1,-39.63421530815107
0,all,R5,Medium,R5_OUT,0.0113537189480611,0.009801946321686916,47.14189024373256,0.46208227767192267,0.5637452474585122,1.0,0.28125,11.1,-39.63421530815107
0,all,R6,Medium,R6_OUT,0.0013701181870542905,0.0011828569110535001,-60.55165628025173,-0.07162394510683183,0.5637452474585122,1.0,0.28125,11.1,-39.63421530815107
0,all,R7,Medium,R7_OUT,0.0007654561331564378,0.0006608372078900836,-3.262644295928361,-0.0021560767468598056,0.5637452474585122,1.0,0.28125,11.1,-39.63421530815107
0,all,R8,Medium,R8_OUT,2.6812537709544815e-05,2.3147926822871197e-05,2.2313944464385744,5.1652155359121306e-05,0.5637452474585122,1.0,0.28125,11.1,-39.63421530815107
0,all,R9,High,R9_OUT,0.07744324541672422,0.06685866877844367,27.214311932798104,1.8195126675481954,0.5637452474585122,1.0,0.28125,11.1,-39.63421530815107
0,all,R10,High,R10_OUT,0.043265907814288296,0.037352528091875226,-55.309221931197854,-2.065939265924829,0.5637452474585122,1.0,0.28125,11.1,-39.63421530815107
0,all,R11,Medium,R11_OUT,0.005221144494323952,0.004507543149980317,-84.36895650991767,-0.38029671198726667,0.5637452474585122,1.0,0.28125,11.1,-39.63421530815107
0,all,R12,Medium,R12_OUT,4.113953151641717e-06,3.5516774853065363e-06,235.56856956657836,0.0008366635847754829,0.5637452474585122,1.0,0.28125,11.1,-39.63421530815107
0,all,R13,High,R13_OUT,0.0008011007417606153,0.0006916100799150119,254.21010700378318,0.17581427242009023,0.5637452474585122,1.0,0.28125,11.1,-39.63421530815107
0,all,R14,High,R14_OUT,2.8061103591955937e-05,2.4225844623590885e-05,71.23592796670107,0.0017257505225386127,0.5637452474585122,1.0,0.28125,11.1,-39.63421530815107
0,all,R15,High,R15_OUT,0.2951149603374225,0.25478004283769695,-97.81943271643459,-24.92243925785242,0.5637452474585122,1.0,0.28125,11.1,-39.63421530815107
0,all,R16,High,R16_OUT,0.08151160077219956,0.07037098055878123,31.452870619587053,2.213369346888822,0.5637452474585122,1.0,0.28125,11.1,-39.63421530815107
0,all,R17,High,R17_OUT,2.822109091257153e-05,2.43639656336316e-05,45.96115885536908,0.001119796094834095,0.5637452474585122,1.0,0.28125,11.1,-39.63421530815107
0,all,R18,Very_High,R18_OUT,0.00546427488926717,0.004717443632043152,138.66780076991165,0.6541575337114482,0.5637452474585122,1.0,0.28125,11.1,-39.63421530815107
0,all,R19,Very_High,R19_OUT,0.31061834637075586,0.2681644993667248,-69.25557146962424,-18.571885651508214,0.5637452474585122,1.0,0.28125,11.1,-39.63421530815107
0,all,R20,Very_High,R20_OUT,0.325082753803232,0.2806519799778555,3.7980060899419197,1.065917929110153,0.5637452474585122,1.0,0.28125,11.1,-39.63421530815107
1,all,R1,Very_Low,R1_OUT,0.0007048779520963353,0.00022339662911078796,-101.07331117078344,-0.02257943700861877,0.7677169851345398,0.5238095238095238,0.28125,21.1,22.52591890844375
1,all,R2,Low,R2_OUT,0.0038791093620976383,0.0012294042576696687,-123.58805142331883,-0.15193967661692614,0.7677169851345398,0.5238095238095238,0.28125,21.1,22.52591890844375
1,all,R3,Low,R3_OUT,0.004807943237167817,0.0015237791293442335,-15.677591674660592,-0.02388918699222872,0.7677169851345398,0.5238095238095238,0.28125,21.1,22.52591890844375
1,all,R4,Low,R4_OUT,0.00810410528587525,0.0025684301763718932,150.75034771212694,0.38719174216238245,0.7677169851345398,0.5238095238095238,0.28125,21.1,22.52591890844375
1,all,R5,Medium,R5_OUT,0.005197961383563246,0.0016473873922181854,-7.545243992532036,-0.012429939824507281,0.7677169851345398,0.5238095238095238,0.28125,21.1,22.52591890844375
1,all,R6,Medium,R6_OUT,0.02645924385670492,0.008385715383534033,-83.8890294789785,-0.70346952501161,0.7677169851345398,0.5238095238095238,0.28125,21.1,22.52591890844375
1,all,R7,Medium,R7_OUT,0.04459879982395477,0.014134676100206111,31.854698722703432,0.45025584871506236,0.7677169851345398,0.5238095238095238,0.28125,21.1,22.52591890844375
1,all,R8,Medium,R8_OUT,0.055277765585714705,0.017519155564305795,7.848526386126909,0.1374995547091161,0.7677169851345398,0.5238095238095238,0.28125,21.1,22.52591890844375
1,all,R9,High,R9_OUT,0.03545507872226199,0.011236760985153433,-6.042484977803539,-0.06789795945195852,0.7677169851345398,0.5238095238095238,0.28125,21.1,22.52591890844375
1,all,R10,High,R10_OUT,0.05976187253272627,0.01894030141452774,-24.999976950659885,-0.47350709880174435,0.7677169851345398,0.5238095238095238,0.28125,21.1,22.52591890844375
1,all,R11,Medium,R11_OUT,0.30420656137940705,0.09641203865638241,-62.25751014271565,-6.002373474529621,0.7677169851345398,0.5238095238095238,0.28125,21.1,22.52591890844375
1,all,R12,Medium,R12_OUT,0.016132803673050502,0.005112961680737976,235.177860905943,1.2024553909700122,0.7677169851345398,0.5238095238095238,0.28125,21.1,22.52591890844375
1,all,R13,High,R13_OUT,0.0887826177267926,0.02813783218046589,265.95525734123646,7.483404398580331,0.7677169851345398,0.5238095238095238,0.28125,21.1,22.52591890844375
1,all,R14,High,R14_OUT,0.11004118384709874,0.03487529927938876,70.23936955367216,2.4496190343799036,0.7677169851345398,0.5238095238095238,0.28125,21.1,22.52591890844375
1,all,R15,High,R15_OUT,0.40763325059277344,0.12919100934434255,-78.56585865323416,-10.15000257941627,0.7677169851345398,0.5238095238095238,0.28125,21.1,22.52591890844375
1,all,R16,High,R16_OUT,0.037317653807052584,0.011827066007704475,-9.77535729500184,-0.11561379597688222,0.7677169851345398,0.5238095238095238,0.28125,21.1,22.52591890844375
1,all,R17,High,R17_OUT,0.05818169339051183,0.01843949600174383,47.86584956940523,0.8826221417551193,0.7677169851345398,0.5238095238095238,0.28125,21.1,22.52591890844375
1,all,R18,Very_High,R18_OUT,0.6055825483093691,0.1919269847188306,145.15715542758335,27.859575151578706,0.7677169851345398,0.5238095238095238,0.28125,21.1,22.52591890844375
1,all,R19,Very_High,R19_OUT,0.42904760260236513,0.1359778495899583,-45.72209150153437,-6.217191681133951,0.7677169851345398,0.5238095238095238,0.28125,21.1,22.52591890844375
1,all,R20,Very_High,R20_OUT,0.8541030126102805,0.27069045550800325,20.74025842478012,5.614190000357432,0.7677169851345398,0.5238095238095238,0.28125,21.1,22.52591890844375
2,all,R1,Very_Low,R1_OUT,0.1931370391397205,0.03370948410849103,-77.7487049981111,-2.6208687355895828,0.4721864138504968,0.0476190476190476,0.1875,28.8,28.800267687657467
2,all,R2,Low,R2_OUT,0.057071536598629694,0.009961072534755519,-90.8753435562445,-0.905215888784579,0.4721864138504968,0.0476190476190476,0.1875,28.8,28.800267687657467
2,all,R3,Low,R3_OUT,0.36374795947759714,0.06348733580116456,-0.8841596853061411,-0.056132942842882956,0.4721864138504968,0.0476190476190476,0.1875,28.8,28.800267687657467
2,all,R4,Low,R4_OUT,0.44658913264380995,0.07794615334757528,116.49847096503265,9.080607682598481,0.4721864138504968,0.0476190476190476,0.1875,28.8,28.800267687657467
2,all,R5,Medium,R5_OUT,0.06436743261804584,0.011234473494090881,4.261764989341998,0.04787868581080718,0.4721864138504968,0.0476190476190476,0.1875,28.8,28.800267687657467
2,all,R6,Medium,R6_OUT,0.10748665856363507,0.018760357023514536,-58.25072323647451,-1.0928043647941958,0.4721864138504968,0.0476190476190476,0.1875,28.8,28.800267687657467
2,all,R7,Medium,R7_OUT,0.13196602858653714,0.023032903286253535,19.30966635433376,0.4447576776291934,0.4721864138504968,0.0476190476190476,0.1875,28.8,28.800267687657467
2,all,R8,Medium,R8_OUT,0.8410913124050646,0.1468012265052756,5.307866600707334,0.7792013271102246,0.4721864138504968,0.0476190476190476,0.1875,28.8,28.800267687657467
2,all,R9,High,R9_OUT,0.12122750962692318,0.02115863858886443,5.416655148817014,0.11460904865433087,0.4721864138504968,0.0476190476190476,0.1875,28.8,28.800267687657467
2,all,R10,High,R10_OUT,0.14883626688823004,0.025977377492083988,-25.10905161266036,-0.6522673122102983,0.4721864138504968,0.0476190476190476,0.1875,28.8,28.800267687657467
2,all,R11,Medium,R11_OUT,0.24854048623987104,0.043379413956732414,-53.06302504462036,-2.301842929207046,0.4721864138504968,0.0476190476190476,0.1875,28.8,28.800267687657467
2,all,R12,Medium,R12_OUT,0.3704749678624733,0.0646614450412033,185.2646012702185,11.979476833114676,0.4721864138504968,0.0476190476190476,0.1875,28.8,28.800267687657467
2,all,R13,High,R13_OUT,0.10947447357284729,0.01910730351685486,208.97222019561679,3.992895637868677,0.4721864138504968,0.0476190476190476,0.1875,28.8,28.800267687657467
2,all,R14,High,R14_OUT,0.6977403930274317,0.12178124297326086,53.493464241244595,6.5145005662444495,0.4721864138504968,0.0476190476190476,0.1875,28.8,28.800267687657467
2,all,R15,High,R15_OUT,0.2803133392642062,0.04892494001882775,-65.17299473998561,-3.1885848585011725,0.4721864138504968,0.0476190476190476,0.1875,28.8,28.800267687657467
2,all,R16,High,R16_OUT,0.11021897016915069,0.019237245429052034,0.2037174418513672,0.003918962427073387,0.4721864138504968,0.0476190476190476,0.1875,28.8,28.800267687657467
2,all,R17,High,R17_OUT,0.7647127170788398,0.1334703653879751,26.031611812849913,3.4744487402990067,0.4721864138504968,0.0476190476190476,0.1875,28.8,28.800267687657467
2,all,R18,Very_High,R18_OUT,0.2061806298490456,0.03598606821525871,110.4366297158679,3.974180090418489,0.4721864138504968,0.0476190476190476,0.1875,28.8,28.800267687657467
2,all,R19,Very_High,R19_OUT,0.25485838712234804,0.04448211896010988,-40.04182272193506,-1.7811451216967462,0.4721864138504968,0.0476190476190476,0.1875,28.8,28.800267687657467
2,all,R20,Very_High,R20_OUT,0.21142174288853552,0.03690083431865578,26.900600147317203,0.9926545891085594,0.4721864138504968,0.0476190476190476,0.1875,28.8,28.800267687657467
3,all,R1,Very_Low,R1_OUT,1.451860700327435e-06,1.0874251434154874e-06,-67.29155244060755,-7.317452606337846e-05,0.3064634564234779,0.0952380952380952,0.625,10.0,10.00032553491626
3,all,R2,Low,R2_OUT,5.583953646967963e-07,4.182310048071511e-07,-58.281796861832596,-2.437525446349051e-05,0.3064634564234779,0.0952380952380952,0.625,10.0,10.00032553491626
3,all,R3,Low,R3_OUT,0.02737363961090487,0.02050250686789639,6.899036619833742,0.14144754568001,0.3064634564234779,0.0952380952380952,0.625,10.0,10.00032553491626
3,all,R4,Low,R4_OUT,1.3508113700097201e-06,1.0117404840759254e-06,116.75651517568522,0.0001181272931828659,0.3064634564234779,0.0952380952380952,0.625,10.0,10.00032553491626
3,all,R5,Medium,R5_OUT,5.456469254491308e-07,4.0868258644023075e-07,38.122546120197256,1.5580020750089198e-05,0.3064634564234779,0.0952380952380952,0.625,10.0,10.00032553491626
3,all,R6,Medium,R6_OUT,0.010528085421805708,0.007885401676011768,-46.51002765987423,-0.3667502500605259,0.3064634564234779,0.0952380952380952,0.625,10.0,10.00032553491626
3,all,R7,Medium,R7_OUT,5.19531114398953e-07,3.891221771184228e-07,21.81548921849875,8.488890659605715e-06,0.3064634564234779,0.0952380952380952,0.625,10.0,10.00032553491626
3,all,R8,Medium,R8_OUT,0.02546843758262724,0.01907553485304122,-9.732613315828237,-0.1856548045172546,0.3064634564234779,0.0952380952380952,0.625,10.0,10.00032553491626
3,all,R9,High,R9_OUT,0.010287724083084709,0.007705374099556759,20.013325787743387,0.15421016217086925,0.3064634564234779,0.0952380952380952,0.625,10.0,10.00032553491626
3,all,R10,High,R10_OUT,5.076699649913405e-07,3.8023832752270286e-07,-21.74460468583559,-8.268132118384453e-06,0.3064634564234779,0.0952380952380952,0.625,10.0,10.00032553491626
3,all,R11,Medium,R11_OUT,0.009795331941281554,0.007336578666705522,-78.1213252382768,-0.5731432481579053,0.3064634564234779,0.0952380952380952,0.625,10.0,10.00032553491626
3,all,R12,Medium,R12_OUT,8.04041704649611e-07,6.02216979764966e-07,185.0966445642758,0.0001114683422541276,0.3064634564234779,0.0952380952380952,0.625,10.0,10.00032553491626
3,all,R13,High,R13_OUT,3.092398332691265e-07,2.3161669020080365e-07,209.5125078800907,4.85265936308564e-05,0.3064634564234779,0.0952380952380952,0.625,10.0,10.00032553491626
3,all,R14,High,R14_OUT,0.01515954516177227,0.011354305938535269,39.52894550035127,0.4488237406386754,0.3064634564234779,0.0952380952380952,0.625,10.0,10.00032553491626
3,all,R15,High,R15_OUT,0.009571699722858769,0.007169080987943451,-84.79238670569116,-0.6078834874541196,0.3064634564234779,0.0952380952380952,0.625,10.0,10.00032553491626
3,all,R16,High,R16_OUT,0.2462017564190895,0.1844019748057053,24.78150705628776,4.569758839840984,0.3064634564234779,0.0952380952380952,0.625,10.0,10.00032553491626
3,all,R17,High,R17_OUT,0.609500606300538,0.4565081788278396,22.533682384731996,10.286810307738973,0.3064634564234779,0.0952380952380952,0.625,10.0,10.00032553491626
3,all,R18,Very_High,R18_OUT,0.005830462762258308,0.004366942230750864,88.72034171587852,0.38743660696571747,0.3064634564234779,0.0952380952380952,0.625,10.0,10.00032553491626
3,all,R19,Very_High,R19_OUT,0.2290661437507506,0.17156761951309477,-35.19252570885483,-6.037897860521611,0.3064634564234779,0.0952380952380952,0.625,10.0,10.00032553491626
3,all,R20,Very_High,R20_OUT,0.13634674447368697,0.10212197225952571,17.45923595006072,1.7829716093646149,0.3064634564234779,0.0952380952380952,0.625,10.0,10.00032553491626
4,all,R1,Very_Low,R1_OUT,0.31961281943042347,0.0545205761474552,-71.48230514097857,-3.8972564606343503,0.1088882724409705,0.4285714285714285,0.0625,8.0,7.981448374104954
4,all,R2,Low,R2_OUT,0.9309574242653543,0.15880569255685678,-33.02244515869451,-5.244152273347304,0.1088882724409705,0.4285714285714285,0.0625,8.0,7.981448374104954
4,all,R3,Low,R3_OUT,0.19385497422174952,0.03306840101862887,4.342788023592959,0.14360905590307066,0.1088882724409705,0.4285714285714285,0.0625,8.0,7.981448374104954
4,all,R4,Low,R4_OUT,0.09941400464703316,0.01695835861697012,87.50304820393477,1.483908071520349,0.1088882724409705,0.4285714285714285,0.0625,8.0,7.981448374104954
4,all,R5,Medium,R5_OUT,0.9058125995786156,0.15451640800472013,72.94981338927668,11.271943129525672,0.1088882724409705,0.4285714285714285,0.0625,8.0,7.981448374104954
4,all,R6,Medium,R6_OUT,0.5646542207040394,0.09632052147263198,-19.048235207570237,-1.8347359483265135,0.1088882724409705,0.4285714285714285,0.0625,8.0,7.981448374104954
4,all,R7,Medium,R7_OUT,0.28956975463949813,0.04939573414469835,-31.620621175408044,-1.5619237970706747,0.1088882724409705,0.4285714285714285,0.0625,8.0,7.981448374104954
4,all,R8,Medium,R8_OUT,0.06029764182323983,0.010285764439594308,-0.17675878166785175,-0.0018180991908652037,0.1088882724409705,0.4285714285714285,0.0625,8.0,7.981448374104954
4,all,R9,High,R9_OUT,0.5494031135984332,0.09371893888352935,50.26420980703675,4.7107084069345735,0.1088882724409705,0.4285714285714285,0.0625,8.0,7.981448374104954
4,all,R10,High,R10_OUT,0.2817485798733826,0.048061573158419815,-64.41140898627073,-3.0957136452305503,0.1088882724409705,0.4285714285714285,0.0625,8.0,7.981448374104954
4,all,R11,Medium,R11_OUT,0.1756329343143202,0.029960027217773744,-72.33593831611418,-2.1671866807739835,0.1088882724409705,0.4285714285714285,0.0625,8.0,7.981448374104954
4,all,R12,Medium,R12_OUT,0.04624416415420577,0.007888477307130187,163.0647296069443,1.2863324190977001,0.1088882724409705,0.4285714285714285,0.0625,8.0,7.981448374104954
4,all,R13,High,R13_OUT,0.13469843927106773,0.022977290236070452,167.95631194964952,3.8591809266470847,0.1088882724409705,0.4285714285714285,0.0625,8.0,7.981448374104954
4,all,R14,High,R14_OUT,0.02804850339230974,0.0047846033452218105,49.764779401377744,0.2381047299980574,0.1088882724409705,0.4285714285714285,0.0625,8.0,7.981448374104954
4,all,R15,High,R15_OUT,0.17088915202370034,0.029150817674603365,-79.91583751733334,-2.3296120087810115,0.1088882724409705,0.4285714285714285,0.0625,8.0,7.981448374104954
4,all,R16,High,R16_OUT,0.6577549469532284,0.11220194088471307,52.65661459054462,5.9081743574774075,0.1088882724409705,0.4285714285714285,0.0625,8.0,7.981448374104954
4,all,R17,High,R17_OUT,0.07218938374608257,0.012314295780063182,14.319962652220092,0.17634025565889624,0.1088882724409705,0.4285714285714285,0.0625,8.0,7.981448374104954
4,all,R18,Very_High,R18_OUT,0.0816987332333428,0.013936431005292464,90.44262899127658,1.2604474588741899,0.1088882724409705,0.4285714285714285,0.0625,8.0,7.981448374104954
4,all,R19,Very_High,R19_OUT,0.20459145997193667,0.0348998650692333,-68.35359302103248,-2.3855311734313207,0.1088882724409705,0.4285714285714285,0.0625,8.0,7.981448374104954
4,all,R20,Very_High,R20_OUT,0.0951692982601643,0.016234283036393318,9.894471403167817,0.16062964925452608,0.1088882724409705,0.4285714285714285,0.0625,8.0,7.981448374104954
5,all,R1,Very_Low,R1_OUT,0.9780825308167344,0.18328790973858677,-65.72411336412878,-12.046435357933081,0.1194621673220958,0.1587301587301587,0.0625,4.9,1.277284649107643
5,all,R2,Low,R2_OUT,0.539940051984121,0.10118213994648743,-39.537164026074564,-4.000454863573505,0.1194621673220958,0.1587301587301587,0.0625,4.9,1.277284649107643
5,all,R3,Low,R3_OUT,0.593237042669676,0.11116973681109465,7.6136140148531695,0.8464034662124885,0.1194621673220958,0.1587301587301587,0.0625,4.9,1.277284649107643
5,all,R4,Low,R4_OUT,0.3226924925917111,0.06047100381813423,84.64381441141974,5.118496424454408,0.1194621673220958,0.1587301587301587,0.0625,4.9,1.277284649107643
5,all,R5,Medium,R5_OUT,0.46067553242708725,0.08632835445467373,56.32307092939712,4.862278031168724,0.1194621673220958,0.1587301587301587,0.0625,4.9,1.277284649107643
5,all,R6,Medium,R6_OUT,0.3274901959352025,0.06137007009287903,-22.181947669699454,-1.3613076832860302,0.1194621673220958,0.1587301587301587,0.0625,4.9,1.277284649107643
5,all,R7,Medium,R7_OUT,0.17813895631012022,0.03338237410071197,-20.897617131550575,-0.6976120728988687,0.1194621673220958,0.1587301587301587,0.0625,4.9,1.277284649107643
5,all,R8,Medium,R8_OUT,0.19572289041596463,0.03667751783929813,0.7779431163119297,0.02853302252648998,0.1194621673220958,0.1587301587301587,0.0625,4.9,1.277284649107643
5,all,R9,High,R9_OUT,0.2794138345964699,0.052360793779299315,40.74556690539058,2.133470226153799,0.1194621673220958,0.1587301587301587,0.0625,4.9,1.277284649107643
5,all,R10,High,R10_OUT,0.15198772204915756,0.02848175997689824,-52.98451253517676,-1.5090921685198606,0.1194621673220958,0.1587301587301587,0.0625,4.9,1.277284649107643
5,all,R11,Medium,R11_OUT,0.1080467386912972,0.020247433386078758,-63.331124649686885,-1.2822927276099856,0.1194621673220958,0.1587301587301587,0.0625,4.9,1.277284649107643
5,all,R12,Medium,R12_OUT,0.15147590320466456,0.02838584761447868,153.0344344549234,4.344012136205381,0.1194621673220958,0.1587301587301587,0.0625,4.9,1.277284649107643
5,all,R13,High,R13_OUT,0.08362066029578546,0.015670105081803925,161.08385860431974,2.5242009913121355,0.1194621673220958,0.1587301587301587,0.0625,4.9,1.277284649107643
5,all,R14,High,R14_OUT,0.09187477950129219,0.017216886880112033,45.486996682551236,0.7831444763995159,0.1194621673220958,0.1587301587301587,0.0625,4.9,1.277284649107643
5,all,R15,High,R15_OUT,0.0921852133226959,0.017275060668564973,-70.91558923004408,-1.2250711062960442,0.1194621673220958,0.1587301587301587,0.0625,4.9,1.277284649107643
5,all,R16,High,R16_OUT,0.33451909427533927,0.0626872514594176,40.294866839583555,2.5259744500967223,0.1194621673220958,0.1587301587301587,0.0625,4.9,1.277284649107643
5,all,R17,High,R17_OUT,0.23432284276638018,0.04391096119341766,10.561290155051815,0.46375640215090425,0.1194621673220958,0.1587301587301587,0.0625,4.9,1.277284649107643
5,all,R18,Very_High,R18_OUT,0.05071849425480877,0.009504399173032824,85.0714562091934,0.8085530780433559,0.1194621673220958,0.1587301587301587,0.0625,4.9,1.277284649107643
5,all,R19,Very_High,R19_OUT,0.11036573801301955,0.02068200258138865,-58.245530077511866,-1.2046342034174506,0.1194621673220958,0.1587301587301587,0.0625,4.9,1.277284649107643
5,all,R20,Very_High,R20_OUT,0.05180706162111979,0.009708391403641603,17.032907002134294,0.16536212791854746,0.1194621673220958,0.1587301587301587,0.0625,4.9,1.277284649107643
6,all,R1,Very_Low,R1_OUT,5.021755606951056e-06,3.7343686879619145e-06,-105.79301238036004,-0.0003950701128383837,0.8587536510941043,0.6031746031746031,0.40625,12.9,12.900467582889448
6,all,R2,Low,R2_OUT,4.7890711197927594e-05,3.5613356431407656e-05,-133.248020591128,-0.004745409251091389,0.8587536510941043,0.6031746031746031,0.40625,12.9,12.900467582889448
6,all,R3,Low,R3_OUT,0.0003412294432994835,0.00025375120738739814,-18.61451670794325,-0.004723456089573495,0.8587536510941043,0.6031746031746031,0.40625,12.9,12.900467582889448
6,all,R4,Low,R4_OUT,9.41493543168711e-05,7.001304489332191e-05,163.32848610453465,0.011435124629995089,0.8587536510941043,0.6031746031746031,0.40625,12.9,12.900467582889448
6,all,R5,Medium,R5_OUT,9.344342498359928e-05,6.948808896069247e-05,-13.098879426077929,-0.0009102160988446875,0.8587536510941043,0.6031746031746031,0.40625,12.9,12.900467582889448
6,all,R6,Medium,R6_OUT,0.0032541847912043254,0.0024199357237325936,-93.31650301287893,-0.22581993925466592,0.8587536510941043,0.6031746031746031,0.40625,12.9,12.900467582889448
6,all,R7,Medium,R7_OUT,0.000897869169662397,0.0006676897036630915,42.27621725700773,0.028227394972327968,0.8587536510941043,0.6031746031746031,0.40625,12.9,12.900467582889448
6,all,R8,Medium,R8_OUT,0.006397470182754926,0.004757402431050411,6.309855132191277,0.030018520145462694,0.8587536510941043,0.6031746031746031,0.40625,12.9,12.900467582889448
6,all,R9,High,R9_OUT,0.006349502122925872,0.004721731555231612,-12.072502188642531,-0.05700311453471614,0.8587536510941043,0.6031746031746031,0.40625,12.9,12.900467582889448
6,all,R10,High,R10_OUT,0.001751904874698654,0.001302783173937572,-19.10698146328641,-0.024892253955106625,0.8587536510941043,0.6031746031746031,0.40625,12.9,12.900467582889448
6,all,R11,Medium,R11_OUT,0.061010415659332844,0.045369668241597966,-66.87959520356549,-3.0343050465181327,0.8587536510941043,0.6031746031746031,0.40625,12.9,12.900467582889448
6,all,R12,Medium,R12_OUT,0.0002640569425653909,0.00019636279726361526,250.74144392920255,0.04923629131985616,0.8587536510941043,0.6031746031746031,0.40625,12.9,12.900467582889448
6,all,R13,High,R13_OUT,0.002518217883543081,0.0018726427070150844,285.94412484003556,0.5354711799955034,0.8587536510941043,0.6031746031746031,0.40625,12.9,12.900467582889448
6,all,R14,High,R14_OUT,0.01794272970716279,0.013342897034305204,72.27631908343824,0.9643754835489047,0.8587536510941043,0.6031746031746031,0.40625,12.9,12.900467582889448
6,all,R15,High,R15_OUT,0.1190423373609825,0.08852441496103747,-83.80065275198994,-7.418403758222964,0.8587536510941043,0.6031746031746031,0.40625,12.9,12.900467582889448
6,all,R16,High,R16_OUT,0.013002951940000541,0.009669490189566072,-14.507957277827273,-0.1402845505685945,0.8587536510941043,0.6031746031746031,0.40625,12.9,12.900467582889448
6,all,R17,High,R17_OUT,0.013101184268226752,0.00974253948933004,54.276826462767374,0.5287941251690248,0.8587536510941043,0.6031746031746031,0.40625,12.9,12.900467582889448
6,all,R18,Very_High,R18_OUT,0.17111348177095467,0.12724650071164303,152.40788747034046,19.39337036145469,0.8587536510941043,0.6031746031746031,0.40625,12.9,12.900467582889448
6,all,R19,Very_High,R19_OUT,0.24378317568258534,0.18128645222416495,-42.467270755091526,-7.698740850833578,0.8587536510941043,0.6031746031746031,0.40625,12.9,12.900467582889448
6,all,R20,Very_High,R20_OUT,0.6837289590215466,0.5084468889901006,19.60826781120869,9.969762767093789,0.8587536510941043,0.6031746031746031,0.40625,12.9,12.900467582889448
7,all,R1,Very_Low,R1_OUT,5.013520783461445e-05,2.4758286834723832e-05,-102.40573514620831,-0.002535390564270585,0.8173718649543918,0.5238095238095238,0.375,19.0,18.999270589687615
7,all,R2,Low,R2_OUT,0.0002759058550541588,0.00013625068278054207,-129.21371001394252,-0.017605456214006634,0.8173718649543918,0.5238095238095238,0.375,19.0,18.999270589687615
7,all,R3,Low,R3_OUT,0.001801466195781837,0.0008896186676906886,-16.510100380958228,-0.014687693504347588,0.8173718649543918,0.5238095238095238,0.375,19.0,18.999270589687615
7,all,R4,Low,R4_OUT,0.0007528307378989611,0.0003717706608175391,157.79795459442903,0.05866464985522691,0.8173718649543918,0.5238095238095238,0.375,19.0,18.999270589687615
7,all,R5,Medium,R5_OUT,0.0003697106336014709,0.00018257432865837237,-12.512025257847512,-0.002284374611608108,0.8173718649543918,0.5238095238095238,0.375,19.0,18.999270589687615
7,all,R6,Medium,R6_OUT,0.00991389270266845,0.004895781024605151,-89.63724378427666,-0.43884431721696776,0.8173718649543918,0.5238095238095238,0.375,19.0,18.999270589687615
7,all,R7,Medium,R7_OUT,0.004143004834771191,0.0020459414947531867,40.20494189532579,0.08225695891778786,0.8173718649543918,0.5238095238095238,0.375,19.0,18.999270589687615
7,all,R8,Medium,R8_OUT,0.027050832818810516,0.01335852202419462,6.46044673124218,0.0863020199454348,0.8173718649543918,0.5238095238095238,0.375,19.0,18.999270589687615
7,all,R9,High,R9_OUT,0.013284500801337034,0.0065602895749549495,-10.803490969975059,-0.07087402918344732,0.8173718649543918,0.5238095238095238,0.375,19.0,18.999270589687615
7,all,R10,High,R10_OUT,0.005551578244602847,0.002741537783561218,-19.206691363266145,-0.05265587006959306,0.8173718649543918,0.5238095238095238,0.375,19.0,18.999270589687615
7,all,R11,Medium,R11_OUT,0.14886710320263324,0.0735150924975431,-64.44114409781585,-4.737396668998436,0.8173718649543918,0.5238095238095238,0.375,19.0,18.999270589687615
7,all,R12,Medium,R12_OUT,0.0017990756392218745,0.0008884381383269444,242.68058724377613,0.21560668913895006,0.8173718649543918,0.5238095238095238,0.375,19.0,18.999270589687615
7,all,R13,High,R13_OUT,0.009900736906966804,0.004889284293513603,276.7313626153017,1.353018304757612,0.8173718649543918,0.5238095238095238,0.375,19.0,18.999270589687615
7,all,R14,High,R14_OUT,0.0646446696382331,0.03192349932045806,70.08249900687895,2.2372786094221024,0.8173718649543918,0.5238095238095238,0.375,19.0,18.999270589687615
7,all,R15,High,R15_OUT,0.19948018514017216,0.09850936806398057,-80.88777391840478,-7.968203492804184,0.8173718649543918,0.5238095238095238,0.375,19.0,18.999270589687615
7,all,R16,High,R16_OUT,0.021902439041797266,0.010816088964180529,-13.856395978844532,-0.14987201163009578,0.8173718649543918,0.5238095238095238,0.375,19.0,18.999270589687615
7,all,R17,High,R17_OUT,0.044599283458526005,0.0220244794064058,50.87952561414265,1.1205950640963813,0.8173718649543918,0.5238095238095238,0.375,19.0,18.999270589687615
7,all,R18,Very_High,R18_OUT,0.35575484019268516,0.17568253442545187,147.6047352989912,25.93157399052473,0.8173718649543918,0.5238095238095238,0.375,19.0,18.999270589687615
7,all,R19,Very_High,R19_OUT,0.32888722432380146,0.16241449049031267,-41.695329143023315,-6.771925638590017,0.8173718649543918,0.5238095238095238,0.375,19.0,18.999270589687615
7,all,R20,Very_High,R20_OUT,0.785957538056401,0.3881296798709759,20.974585734135538,8.140859246416364,0.8173718649543918,0.5238095238095238,0.375,19.0,18.999270589687615
8,all,R1,Very_Low,R1_OUT,0.055264134544518444,0.007819741377737726,-89.31480667140676,-0.698418689373045,0.4502553726155702,0.5396825396825397,0.0625,10.8,2.7736461786215356
8,all,R2,Low,R2_OUT,0.33899833018299197,0.0479674438288815,-80.76477862546037,-3.874079982068819,0.4502553726155702,0.5396825396825397,0.0625,10.8,2.7736461786215356
8,all,R3,Low,R3_OUT,0.033519391983734506,0.00474291289662144,-7.706054320045995,-0.03654914441661151,0.4502553726155702,0.5396825396825397,0.0625,10.8,2.7736461786215356
8,all,R4,Low,R4_OUT,0.11333420182174303,0.016036515450801852,117.63937281727556,1.886525619806879,0.4502553726155702,0.5396825396825397,0.0625,10.8,2.7736461786215356
8,all,R5,Medium,R5_OUT,0.48583950626688704,0.06874511509873403,32.5105213162374,2.234939529804586,0.4502553726155702,0.5396825396825397,0.0625,10.8,2.7736461786215356
8,all,R6,Medium,R6_OUT,0.20561288084737125,0.029093725350260183,-50.97946874924641,-1.483182662292747,0.4502553726155702,0.5396825396825397,0.0625,10.8,2.7736461786215356
8,all,R7,Medium,R7_OUT,0.6952086644773834,0.09837034461104759,-5.823439225152946,-0.5728537233997872,0.4502553726155702,0.5396825396825397,0.0625,10.8,2.7736461786215356
8,all,R8,Medium,R8_OUT,0.06874066819894654,0.009726638295866686,6.766413218041274,0.06581445393225879,0.4502553726155702,0.5396825396825397,0.0625,10.8,2.7736461786215356
8,all,R9,High,R9_OUT,0.2946765562505151,0.041696020012856064,23.477104528337456,0.9789018202574723,0.4502553726155702,0.5396825396825397,0.0625,10.8,2.7736461786215356
8,all,R10,High,R10_OUT,0.9963466018249425,0.14098063442181727,-50.19153450200194,-7.076034376696764,0.4502553726155702,0.5396825396825397,0.0625,10.8,2.7736461786215356
8,all,R11,Medium,R11_OUT,0.42166536990340614,0.05966463001309778,-64.4385486243542,-3.844702162253104,0.4502553726155702,0.5396825396825397,0.0625,10.8,2.7736461786215356
8,all,R12,Medium,R12_OUT,0.08938946479238394,0.012648393073228128,199.4883294238776,2.523206804074824,0.4502553726155702,0.5396825396825397,0.0625,10.8,2.7736461786215356
8,all,R13,High,R13_OUT,0.548328125470938,0.07758710358285627,215.32403522318043,16.706368224739492,0.4502553726155702,0.5396825396825397,0.0625,10.8,2.7736461786215356
8,all,R14,High,R14_OUT,0.05421745105188385,0.007671638195009759,63.75061799695288,0.4890716759809003,0.4502553726155702,0.5396825396825397,0.0625,10.8,2.7736461786215356
8,all,R15,High,R15_OUT,0.6043147617073229,0.08550907720257042,-77.33323241246062,-6.612693340681417,0.4502553726155702,0.5396825396825397,0.0625,10.8,2.7736461786215356
8,all,R16,High,R16_OUT,0.35279188964805747,0.04991919913246577,21.528818047227972,1.0747013551861961,0.4502553726155702,0.5396825396825397,0.0625,10.8,2.7736461786215356
8,all,R17,High,R17_OUT,0.08229752152037405,0.01164490025261713,31.795620920860504,0.370256834093447,0.4502553726155702,0.5396825396825397,0.0625,10.8,2.7736461786215356
8,all,R18,Very_High,R18_OUT,0.3325778196808797,0.04705895712130224,122.44426298925262,5.762099321760694,0.4502553726155702,0.5396825396825397,0.0625,10.8,2.7736461786215356
8,all,R19,Very_High,R19_OUT,0.7234961255068262,0.10237295193144065,-61.889701639725345,-6.335831451014807,0.4502553726155702,0.5396825396825397,0.0625,10.8,2.7736461786215356
8,all,R20,Very_High,R20_OUT,0.5706391398082904,0.08074405815078768,15.061245360133299,1.2161060711818843,0.4502553726155702,0.5396825396825397,0.0625,10.8,2.7736461786215356
9,all,R1,Very_Low,R1_OUT,0.3727275641705457,0.0529018861069423,-74.21144988071721,-3.9259256694207583,0.1781081213387073,0.4126984126984127,0.0625,2.9,2.92291342284894
9,all,R2,Low,R2_OUT,0.9788791390940753,0.1389340572223467,-43.410948513414056,-6.031259204839015,0.1781081213387073,0.4126984126984127,0.0625,2.9,2.92291342284894
9,all,R3,Low,R3_OUT,0.226070695389444,0.03208661588048631,2.4116960568631987,0.07738316499705292,0.1781081213387073,0.4126984126984127,0.0625,2.9,2.92291342284894
9,all,R4,Low,R4_OUT,0.1704044741439824,0.024185810092525288,93.08089157951409,2.251236766985064,0.1781081213387073,0.4126984126984127,0.0625,2.9,2.92291342284894
9,all,R5,Medium,R5_OUT,0.9155899657224515,0.12995131228112147,62.589377407545044,8.133571728968855,0.1781081213387073,0.4126984126984127,0.0625,2.9,2.92291342284894
9,all,R6,Medium,R6_OUT,0.5937202100136642,0.08426776538362271,-25.824387030144862,-2.1761633874321165,0.1781081213387073,0.4126984126984127,0.0625,2.9,2.92291342284894
9,all,R7,Medium,R7_OUT,0.4475262926127901,0.06351820266995653,-24.995094955080383,-1.5876435071116037,0.1781081213387073,0.4126984126984127,0.0625,2.9,2.92291342284894
9,all,R8,Medium,R8_OUT,0.10335553812053404,0.01466943535110383,1.3350632497711161,0.019584624032151974,0.1781081213387073,0.4126984126984127,0.0625,2.9,2.92291342284894
9,all,R9,High,R9_OUT,0.555333385935906,0.07881945516839106,43.61150707928297,3.437435227061514,0.1781081213387073,0.4126984126984127,0.0625,2.9,2.92291342284894
9,all,R10,High,R10_OUT,0.4185915978273403,0.05941144997651041,-59.98413319091395,-3.563744328456322,0.1781081213387073,0.4126984126984127,0.0625,2.9,2.92291342284894
9,all,R11,Medium,R11_OUT,0.2714384174971846,0.03852573736916949,-69.50353279596884,-2.677674850726954,0.1781081213387073,0.4126984126984127,0.0625,2.9,2.92291342284894
9,all,R12,Medium,R12_OUT,0.08483644859726956,0.01204098803746288,168.8823732747416,2.033510636339505,0.1781081213387073,0.4126984126984127,0.0625,2.9,2.92291342284894
9,all,R13,High,R13_OUT,0.22280249101377436,0.03162275382069838,176.38924295517361,5.577913606590811,0.1781081213387073,0.4126984126984127,0.0625,2.9,2.92291342284894
9,all,R14,High,R14_OUT,0.05145590713537882,0.007303228417954288,51.93870616646117,0.3793202348666768,0.1781081213387073,0.4126984126984127,0.0625,2.9,2.92291342284894
9,all,R15,High,R15_OUT,0.253888637980382,0.03603486594873698,-78.13863130915263,-2.8157151046430973,0.1781081213387073,0.4126984126984127,0.0625,2.9,2.92291342284894
9,all,R16,High,R16_OUT,0.6648547719636919,0.09436402027939887,44.74310395010269,4.222139168510743,0.1781081213387073,0.4126984126984127,0.0625,2.9,2.92291342284894
9,all,R17,High,R17_OUT,0.1237390448127015,0.017562502709534394,17.25928660510696,0.30311626776682166,0.1781081213387073,0.4126984126984127,0.0625,2.9,2.92291342284894
9,all,R18,Very_High,R18_OUT,0.13513654186020263,0.019180169736798387,96.03759433074117,1.8420173603774022,0.1781081213387073,0.4126984126984127,0.0625,2.9,2.92291342284894
9,all,R19,Very_High,R19_OUT,0.30395988568946086,0.043141567191594794,-65.65058682606156,-2.8322692027241625,0.1781081213387073,0.4126984126984127,0.0625,2.9,2.92291342284894
9,all,R20,Very_High,R20_OUT,0.15132746571042135,0.021478176355644883,11.922794908938842,0.2560798917063734,0.1781081213387073,0.4126984126984127,0.0625,2.9,2.92291342284894
10,all,R1,Very_Low,R1_OUT,0.05529246850901246,0.006928016744828596,-84.60797570897587,-0.5861654724578359,0.4912781684969729,0.3333333333333333,0.25,7.5,7.511199996695802
10,all,R2,Low,R2_OUT,0.08745989766728571,0.010958520244781394,-87.31717649518448,-0.9568670463396293,0.4912781684969729,0.3333333333333333,0.25,7.5,7.511199996695802
10,all,R3,Low,R3_OUT,0.2355738520305748,0.029516851671138114,-4.815233881491833,-0.14213054424183308,0.4912781684969729,0.3333333333333333,0.25,7.5,7.511199996695802
10,all,R4,Low,R4_OUT,0.1419176126278603,0.017781944325955625,123.98845270614227,2.204755763082004,0.4912781684969729,0.3333333333333333,0.25,7.5,7.511199996695802
10,all,R5,Medium,R5_OUT,0.07127476897632565,0.008930561544223468,18.94046539721991,0.1691489919061074,0.4912781684969729,0.3333333333333333,0.25,7.5,7.511199996695802
10,all,R6,Medium,R6_OUT,0.3726233526420352,0.046688832968226214,-58.4942554899174,-2.7310285241695027,0.4912781684969729,0.3333333333333333,0.25,7.5,7.511199996695802
10,all,R7,Medium,R7_OUT,0.22448084182740063,0.028126923485428366,13.276670218684231,0.37343188738219685,0.4912781684969729,0.3333333333333333,0.25,7.5,7.511199996695802
10,all,R8,Medium,R8_OUT,0.6046407328021302,0.07576006704739192,3.311871407721001,0.2509075999012833,0.4912781684969729,0.3333333333333333,0.25,7.5,7.511199996695802
10,all,R9,High,R9_OUT,0.30366652698107627,0.038048704290095645,12.571293455194947,0.4783214272207273,0.4912781684969729,0.3333333333333333,0.25,7.5,7.511199996695802
10,all,R10,High,R10_OUT,0.18293893049961565,0.0229218193355898,-33.50005695050379,-0.7678822531514172,0.4912781684969729,0.3333333333333333,0.25,7.5,7.511199996695802
10,all,R11,Medium,R11_OUT,0.9564018037597184,0.11983490500431526,-64.14780472532688,-7.687146085494912,0.4912781684969729,0.3333333333333333,0.25,7.5,7.511199996695802
10,all,R12,Medium,R12_OUT,0.12321991382931664,0.015439166478282616,200.6237278768756,3.097463134184751,0.4912781684969729,0.3333333333333333,0.25,7.5,7.511199996695802
10,all,R13,High,R13_OUT,0.19490540655328525,0.02442119074569243,223.0702816946723,5.447641898960935,0.4912781684969729,0.3333333333333333,0.25,7.5,7.511199996695802
10,all,R14,High,R14_OUT,0.5249790890221561,0.06577864974209881,57.81874333445195,3.8032388663252252,0.4912781684969729,0.3333333333333333,0.25,7.5,7.511199996695802
10,all,R15,High,R15_OUT,0.7794122727062484,0.09765853147890578,-76.30182822909502,-7.4515244940091385,0.4912781684969729,0.3333333333333333,0.25,7.5,7.511199996695802
10,all,R16,High,R16_OUT,0.2943384067004847,0.03687991267625804,10.866899207015024,0.4007702938164119,0.4912781684969729,0.3333333333333333,0.25,7.5,7.511199996695802
10,all,R17,High,R17_OUT,0.5860671957771726,0.07343284637901779,31.89078001810203,2.3418307499763364,0.4912781684969729,0.3333333333333333,0.25,7.5,7.511199996695802
10,all,R18,Very_High,R18_OUT,0.8303955066838576,0.10404661123419505,117.51285923737635,12.226814780089983,0.4912781684969729,0.3333333333333333,0.25,7.5,7.511199996695802
10,all,R19,Very_High,R19_OUT,0.7554700506238449,0.09465862715254604,-48.146509562730756,-4.557482497395023,0.4912781684969729,0.3333333333333333,0.25,7.5,7.511199996695802
10,all,R20,Very_High,R20_OUT,0.6559365875368809,0.08218731745102913,19.432457107031787,1.5971015211091286,0.4912781684969729,0.3333333333333333,0.25,7.5,7.511199996695802
11,all,R1,Very_Low,R1_OUT,1.6565350423769344e-20,1.2751818342221014e-19,-105.75116095964842,-1.3485195940364114e-17,1.0,0.5714285714285714,1.0,12.0,12.000058504333577
11,all,R2,Low,R2_OUT,1.265191141144418e-19,9.73929750191777e-19,-144.1952024110773,-1.4043599746307322e-16,1.0,0.5714285714285714,1.0,12.0,12.000058504333577
11,all,R3,Low,R3_OUT,5.548740941378592e-10,4.2713576653939574e-09,-18.101166183996373,-7.73165549325828e-08,1.0,0.5714285714285714,1.0,12.0,12.000058504333577
11,all,R4,Low,R4_OUT,6.601058115286871e-19,5.081419456832014e-18,193.01192117670067,9.807745316678138e-16,1.0,0.5714285714285714,1.0,12.0,12.000058504333577
11,all,R5,Medium,R5_OUT,2.0989759498142315e-19,1.6157678124524397e-18,-22.64714698423333,-3.659253114100356e-17,1.0,0.5714285714285714,1.0,12.0,12.000058504333577
11,all,R6,Medium,R6_OUT,4.2378927725334076e-09,3.262281654580339e-08,-113.32425848196264,-3.696956494646271e-06,1.0,0.5714285714285714,1.0,12.0,12.000058504333577
11,all,R7,Medium,R7_OUT,5.041607956362243e-18,3.880972461649787e-17,81.17495401593162,3.1503776111151836e-15,1.0,0.5714285714285714,1.0,12.0,12.000058504333577
11,all,R8,Medium,R8_OUT,2.2110948747667534e-08,1.702075685642263e-07,-6.071475105283115,-1.033411015268469e-06,1.0,0.5714285714285714,1.0,12.0,12.000058504333577
11,all,R9,High,R9_OUT,7.0307439865513656e-09,5.41218675329208e-08,-27.84839694139157,-1.5072072502661913e-06,1.0,0.5714285714285714,1.0,12.0,12.000058504333577
11,all,R10,High,R10_OUT,8.364122625158735e-18,6.438606463467472e-17,9.377062872618367,6.037521761998148e-16,1.0,0.5714285714285714,1.0,12.0,12.000058504333577
11,all,R11,Medium,R11_OUT,1.6887403986158348e-07,1.2999731511516665e-06,-85.5068281218756,-0.00011115658079857856,1.0,0.5714285714285714,1.0,12.0,12.000058504333577
11,all,R12,Medium,R12_OUT,3.373640917818073e-18,2.5969904068054655e-17,280.78079953727377,7.291850428134684e-15,1.0,0.5714285714285714,1.0,12.0,12.000058504333577
11,all,R13,High,R13_OUT,2.5766437131937976e-17,1.9834710237175135e-16,330.90688024263454,6.563442085100269e-14,1.0,0.5714285714285714,1.0,12.0,12.000058504333577
11,all,R14,High,R14_OUT,1.1300370353377465e-07,8.698896567821605e-07,64.6101260943297,5.620368041284857e-05,1.0,0.5714285714285714,1.0,12.0,12.000058504333577
11,all,R15,High,R15_OUT,2.8016521511272e-07,2.156679959996736e-06,-100.62098955557168,-0.00021700727172954234,1.0,0.5714285714285714,1.0,12.0,12.000058504333577
11,all,R16,High,R16_OUT,0.0005245481637100956,0.004037912102226884,-23.530390663082443,-0.09501364922858707,1.0,0.5714285714285714,1.0,12.0,12.000058504333577
11,all,R17,High,R17_OUT,0.0016496486837897337,0.012698807937069925,64.88271505304547,0.8239331368942602,1.0,0.5714285714285714,1.0,12.0,12.000058504333577
11,all,R18,Very_High,R18_OUT,8.630743145783064e-07,6.643847907707093e-06,152.24291603050582,0.0010114787791325028,1.0,0.5714285714285714,1.0,12.0,12.000058504333577
11,all,R19,Very_High,R19_OUT,0.020902503263371747,0.16090509267448855,-21.138007193712184,-3.4012130064582644,1.0,0.5714285714285714,1.0,12.0,12.000058504333577
11,all,R20,Very_High,R20_OUT,0.10682763136235796,0.8223469556719284,17.841154172477488,14.671618819410385,1.0,0.5714285714285714,1.0,12.0,12.000058504333577
12,all,R1,Very_Low,R1_OUT,0.4401474830808108,0.18342772318957573,-58.05220697689614,-10.64838415190206,0.0497364685149225,0.0,0.15625,4.1,4.099892730809344
12,all,R2,Low,R2_OUT,0.10057193749974333,0.041912500290170344,-30.675648528547995,-1.2856931278539314,0.0497364685149225,0.0,0.15625,4.1,4.099892730809344
12,all,R3,Low,R3_OUT,0.5866666660685783,0.2444883475760354,12.593170451866197,3.0788834345201215,0.0497364685149225,0.0,0.15625,4.1,4.099892730809344
12,all,R4,Low,R4_OUT,0.09840342669900791,0.04100879184202304,79.48871212732337,3.2597360494198964,0.0497364685149225,0.0,0.15625,4.1,4.099892730809344
12,all,R5,Medium,R5_OUT,0.135675944151799,0.05654179674768545,58.75471837279593,3.322097344202127,0.0497364685149225,0.0,0.15625,4.1,4.099892730809344
12,all,R6,Medium,R6_OUT,0.13405098413842134,0.05586460847106126,-17.704114689979924,-0.9890334354824927,0.0497364685149225,0.0,0.15625,4.1,4.099892730809344
12,all,R7,Medium,R7_OUT,0.022484788985868594,0.009370344733559912,-17.21594401821541,-0.16131933036434704,0.0497364685149225,0.0,0.15625,4.1,4.099892730809344
12,all,R8,Medium,R8_OUT,0.1311606052297509,0.05466006762338532,-2.7138205681802927,-0.14833761577446877,0.0497364685149225,0.0,0.15625,4.1,4.099892730809344
12,all,R9,High,R9_OUT,0.1808406429229283,0.07536380114981049,41.54105258724255,3.130691626738768,0.0497364685149225,0.0,0.15625,4.1,4.099892730809344
12,all,R10,High,R10_OUT,0.030332964150357328,0.012641005039371175,-47.34500315580385,-0.5984884234815607,0.0497364685149225,0.0,0.15625,4.1,4.099892730809344
12,all,R11,Medium,R11_OUT,0.029969673117892493,0.01248960658884776,-64.4340001267504,-0.8047553125288793,0.0497364685149225,0.0,0.15625,4.1,4.099892730809344
12,all,R12,Medium,R12_OUT,0.04388058420023163,0.01828686056714127,142.90476120554686,2.6132794425464545,0.0497364685149225,0.0,0.15625,4.1,4.099892730809344
12,all,R13,High,R13_OUT,0.010026537788534092,0.004178474417601944,151.6367216720469,0.6336101622756742,0.0497364685149225,0.0,0.15625,4.1,4.099892730809344
12,all,R14,High,R14_OUT,0.05848784107022821,0.024374310734877044,38.37265732026181,0.9353070732470156,0.0497364685149225,0.0,0.15625,4.1,4.099892730809344
12,all,R15,High,R15_OUT,0.04043040034106165,0.01684902576358116,-70.2278864661693,-1.1832714683903391,0.0497364685149225,0.0,0.15625,4.1,4.099892730809344
12,all,R16,High,R16_OUT,0.1674720074542886,0.06979253592525446,42.10019101614032,2.9382790939540486,0.0497364685149225,0.0,0.15625,4.1,4.099892730809344
12,all,R17,High,R17_OUT,0.12146456405879583,0.05061932486259089,5.577348406680437,0.2823216108696107,0.0497364685149225,0.0,0.15625,4.1,4.099892730809344
12,all,R18,Very_High,R18_OUT,0.013364237494753406,0.005569432406313014,73.53682000457475,0.4095583483906857,0.0497364685149225,0.0,0.15625,4.1,4.099892730809344
12,all,R19,Very_High,R19_OUT,0.03744158502126004,0.015603462378081401,-52.1332885829836,-0.8134598070502453,0.0497364685149225,0.0,0.15625,4.1,4.099892730809344
12,all,R20,Very_High,R20_OUT,0.01669615255514366,0.0069579796930328884,18.521355789857694,0.12887121747326694,0.0497364685149225,0.0,0.15625,4.1,4.099892730809344
13,all,R1,Very_Low,R1_OUT,0.12865443286622316,0.013934175791862726,-84.9834092499386,-1.1841737638804575,0.4864318000097906,0.3333333333333333,0.1875,15.8,15.784918923148622
13,all,R2,Low,R2_OUT,0.20350155882601817,0.022040643539646694,-87.68812247220382,-1.9327026500707272,0.4864318000097906,0.3333333333333333,0.1875,15.8,15.784918923148622
13,all,R3,Low,R3_OUT,0.24230353556875964,0.026243169274359074,-5.134939259610105,-0.13475708020350005,0.4864318000097906,0.3333333333333333,0.1875,15.8,15.784918923148622
13,all,R4,Low,R4_OUT,0.3215830218244551,0.034829692673238793,121.6569589905535,4.237274493201793,0.4864318000097906,0.3333333333333333,0.1875,15.8,15.784918923148622
13,all,R5,Medium,R5_OUT,0.1658420256427077,0.017961852440692618,18.386850173041125,0.3302618896572882,0.4864318000097906,0.3333333333333333,0.1875,15.8,15.784918923148622
13,all,R6,Medium,R6_OUT,0.38326815562251576,0.041510624522516804,-57.37741878847913,-2.381772487399758,0.4864318000097906,0.3333333333333333,0.1875,15.8,15.784918923148622
13,all,R7,Medium,R7_OUT,0.5086699678767096,0.05509251873042992,10.179208418626104,0.5607982304641085,0.4864318000097906,0.3333333333333333,0.1875,15.8,15.784918923148622
13,all,R8,Medium,R8_OUT,0.6056589068172582,0.06559709983933826,4.836875780795898,0.3172850235033457,0.4864318000097906,0.3333333333333333,0.1875,15.8,15.784918923148622
13,all,R9,High,R9_OUT,0.31234142706063633,0.033828763259713575,13.235553462030538,0.44774240467831344,0.4864318000097906,0.3333333333333333,0.1875,15.8,15.784918923148622
13,all,R10,High,R10_OUT,0.4145366666621283,0.044897223179624954,-35.81544123941441,-1.6080138586027322,0.4864318000097906,0.3333333333333333,0.1875,15.8,15.784918923148622
13,all,R11,Medium,R11_OUT,0.9580123195780903,0.10375944127515524,-61.74351431690455,-6.4064725478865645,0.4864318000097906,0.3333333333333333,0.1875,15.8,15.784918923148622
13,all,R12,Medium,R12_OUT,0.275962954914963,0.029888720039871464,198.26135930495374,5.925778262990128,0.4864318000097906,0.3333333333333333,0.1875,15.8,15.784918923148622
13,all,R13,High,R13_OUT,0.4365095725992124,0.04727704272539808,219.52643528681944,10.378560660409299,0.4864318000097906,0.3333333333333333,0.1875,15.8,15.784918923148622
13,all,R14,High,R14_OUT,0.5197395703529848,0.05629143417713547,58.92246279301451,3.31682993586769,0.4864318000097906,0.3333333333333333,0.1875,15.8,15.784918923148622
13,all,R15,High,R15_OUT,0.7807247501496117,0.0845579563119655,-74.23989822459694,-6.277574070680234,0.4864318000097906,0.3333333333333333,0.1875,15.8,15.784918923148622
13,all,R16,High,R16_OUT,0.2839780387944276,0.030756809737792063,10.627384885587666,0.32686445493630695,0.4864318000097906,0.3333333333333333,0.1875,15.8,15.784918923148622
13,all,R17,High,R17_OUT,0.5506596744304174,0.059640297921034896,31.18350641524931,1.859793612827972,0.4864318000097906,0.3333333333333333,0.1875,15.8,15.784918923148622
13,all,R18,Very_High,R18_OUT,0.8221077998950593,0.08904003032301853,118.3159689696391,10.534857464753985,0.4864318000097906,0.3333333333333333,0.1875,15.8,15.784918923148622
13,all,R19,Very_High,R19_OUT,0.7098279772625706,0.07687933945846757,-49.962518071716076,-3.841085387035281,0.4864318000097906,0.3333333333333333,0.1875,15.8,15.784918923148622
13,all,R20,Very_High,R20_OUT,0.6091311194706667,0.06597316477873784,19.938778744802423,1.3154243356176458,0.4864318000097906,0.3333333333333333,0.1875,15.8,15.784918923148622
14,all,R1,Very_Low,R1_OUT,0.018952982456168662,0.0032961015850373324,-95.91794450355654,-0.3161552889116956,0.5897067702299169,0.5555555555555556,0.0625,18.3,18.30001168548423
14,all,R2,Low,R2_OUT,0.12968135876983383,0.022552805775004747,-100.81185093506448,-2.2735900939572398,0.5897067702299169,0.5555555555555556,0.0625,18.3,18.30001168548423
14,all,R3,Low,R3_OUT,0.011495564952661946,0.0019991866688525498,-12.234523430967405,-0.024459096142954193,0.5897067702299169,0.5555555555555556,0.0625,18.3,18.30001168548423
14,all,R4,Low,R4_OUT,0.08317929045087093,0.014465659519890631,129.54067645168877,1.8738913195264437,0.5897067702299169,0.5555555555555556,0.0625,18.3,18.30001168548423
14,all,R5,Medium,R5_OUT,0.19956739346951846,0.034706643318954546,14.330188847131012,0.4973527530106365,0.5897067702299169,0.5555555555555556,0.0625,18.3,18.30001168548423
14,all,R6,Medium,R6_OUT,0.07865572008709801,0.013678968165084517,-64.2552911053683,-0.8789460814685713,0.5897067702299169,0.5555555555555556,0.0625,18.3,18.30001168548423
14,all,R7,Medium,R7_OUT,0.5691348805986366,0.09897789893382389,5.786798728833098,0.5727651797328229,0.5897067702299169,0.5555555555555556,0.0625,18.3,18.30001168548423
14,all,R8,Medium,R8_OUT,0.050450789911595496,0.008773866011777601,9.68264556876082,0.08495423485983956,0.5897067702299169,0.5555555555555556,0.0625,18.3,18.30001168548423
14,all,R9,High,R9_OUT,0.12104374281819773,0.021050643268656563,11.595867245785506,0.24410046478172978,0.5897067702299169,0.5555555555555556,0.0625,18.3,18.30001168548423
14,all,R10,High,R10_OUT,0.8758449613043106,0.1523176614487132,-43.19596730921339,-6.579508724554447,0.5897067702299169,0.5555555555555556,0.0625,18.3,18.30001168548423
14,all,R11,Medium,R11_OUT,0.3451977545949619,0.06003313033730256,-60.26622359722887,-3.61797005614946,0.5897067702299169,0.5555555555555556,0.0625,18.3,18.30001168548423
14,all,R12,Medium,R12_OUT,0.0935731505522195,0.016273249371985963,213.16247034187646,3.4688460366219176,0.5897067702299169,0.5555555555555556,0.0625,18.3,18.30001168548423
14,all,R13,High,R13_OUT,0.6402524423820458,0.1113459105995547,233.7734035244175,26.029712489383417,0.5897067702299169,0.5555555555555556,0.0625,18.3,18.30001168548423
14,all,R14,High,R14_OUT,0.05675498473582726,0.009870224677258843,68.95512668971557,0.6806025930763405,0.5897067702299169,0.5555555555555556,0.0625,18.3,18.30001168548423
14,all,R15,High,R15_OUT,0.5312268221858893,0.09238533168437357,-75.31475471870478,-6.95797859541478,0.5897067702299169,0.5555555555555556,0.0625,18.3,18.30001168548423
14,all,R16,High,R16_OUT,0.14491567059919722,0.02520219562611889,7.581814191962508,0.19107836446672363,0.5897067702299169,0.5555555555555556,0.0625,18.3,18.30001168548423
14,all,R17,High,R17_OUT,0.060400561665372776,0.010504224731004451,38.47014374763924,0.40409903535924835,0.5897067702299169,0.5555555555555556,0.0625,18.3,18.30001168548423
14,all,R18,Very_High,R18_OUT,0.38833273626060705,0.06753470861225182,134.83001075078045,9.105705488240737,0.5897067702299169,0.5555555555555556,0.0625,18.3,18.30001168548423
14,all,R19,Very_High,R19_OUT,0.6359939752769692,0.11060532319029956,-58.179017046906864,-6.434908983367081,0.5897067702299169,0.5555555555555556,0.0625,18.3,18.30001168548423
14,all,R20,Very_High,R20_OUT,0.7154660694544707,0.12442626647405393,17.92564150316051,2.23042064639061,0.5897067702299169,0.5555555555555556,0.0625,18.3,18.30001168548423
15,all,R1,Very_Low,R1_OUT,0.5698553152331812,0.06149314471173703,-76.45746453646329,-4.701609931033239,0.2841244717131994,0.3174603174603174,0.09375,8.9,4.733505830063999
15,all,R2,Low,R2_OUT,0.816202321509084,0.08807647507872421,-60.08996298952077,-5.292512127727986,0.2841244717131994,0.3174603174603174,0.09375,8.9,4.733505830063999
15,all,R3,Low,R3_OUT,0.43103910731360856,0.04651347367288767,0.6346861109260971,0.02952145571110848,0.2841244717131994,0.3174603174603174,0.09375,8.9,4.733505830063999
15,all,R4,Low,R4_OUT,0.46868050141998324,0.05057536031860171,101.60227509793238,5.138571672267624,0.2841244717131994,0.3174603174603174,0.09375,8.9,4.733505830063999
15,all,R5,Medium,R5_OUT,0.6548219466423683,0.07066190250208242,43.339522374520236,3.062453104515168,0.2841244717131994,0.3174603174603174,0.09375,8.9,4.733505830063999
15,all,R6,Medium,R6_OUT,0.6173762192717461,0.06662113027361652,-37.084845443405214,-2.470634319462033,0.2841244717131994,0.3174603174603174,0.09375,8.9,4.733505830063999
15,all,R7,Medium,R7_OUT,0.6712898925028008,0.07243896020573173,-10.93491152695475,-0.7921136209542723,0.2841244717131994,0.3174603174603174,0.09375,8.9,4.733505830063999
15,all,R8,Medium,R8_OUT,0.35451038105119514,0.03825525108048483,3.0285935889361957,0.11585960816550084,0.2841244717131994,0.3174603174603174,0.09375,8.9,4.733505830063999
15,all,R9,High,R9_OUT,0.4953079488511734,0.05344873086445743,31.050298884731586,1.6595990683509811,0.2841244717131994,0.3174603174603174,0.09375,8.9,4.733505830063999
15,all,R10,High,R10_OUT,0.5385617543421037,0.058116253390414256,-49.32693086487424,-2.8666964131144774,0.2841244717131994,0.3174603174603174,0.09375,8.9,4.733505830063999
15,all,R11,Medium,R11_OUT,0.5077643189037455,0.054792899016881044,-64.175341689582,-3.5163530165711028,0.2841244717131994,0.3174603174603174,0.09375,8.9,4.733505830063999
15,all,R12,Medium,R12_OUT,0.26910403855808945,0.02903904402259387,175.8513943223537,5.106556381161344,0.2841244717131994,0.3174603174603174,0.09375,8.9,4.733505830063999
15,all,R13,High,R13_OUT,0.3854370313431332,0.04159254904193885,188.60032203845105,7.844368143709736,0.2841244717131994,0.3174603174603174,0.09375,8.9,4.733505830063999
15,all,R14,High,R14_OUT,0.20355055301555203,0.02196516076649663,53.40804686432706,1.1731163355995302,0.2841244717131994,0.3174603174603174,0.09375,8.9,4.733505830063999
15,all,R15,High,R15_OUT,0.4073686278242059,0.04395918983674862,-74.17658485373477,-3.260742575027019,0.2841244717131994,0.3174603174603174,0.09375,8.9,4.733505830063999
15,all,R16,High,R16_OUT,0.5263569990945384,0.05679923701705155,30.038376769943486,1.7061568817635155,0.2841244717131994,0.3174603174603174,0.09375,8.9,4.733505830063999
15,all,R17,High,R17_OUT,0.3767333448832583,0.040653333355613865,20.887112200853146,0.8491307351373925,0.2841244717131994,0.3174603174603174,0.09375,8.9,4.733505830063999
15,all,R18,Very_High,R18_OUT,0.2915449403990707,0.031460644010311234,102.34513766930408,3.21984394240027,0.2841244717131994,0.3174603174603174,0.09375,8.9,4.733505830063999
15,all,R19,Very_High,R19_OUT,0.4329050825130947,0.0467148312454209,-58.10571071019931,-2.7143984702222066,0.2841244717131994,0.3174603174603174,0.09375,8.9,4.733505830063999
15,all,R20,Very_High,R20_OUT,0.24856273231688075,0.02682242958820559,16.530529940849753,0.44338897539416683,0.2841244717131994,0.3174603174603174,0.09375,8.9,4.733505830063999
16,all,R1,Very_Low,R1_OUT,2.569604941433618e-06,1.1131368149737274e-06,-79.20054433821502,-8.816104166882614e-05,0.4677806243166946,0.2857142857142857,0.59375,3.6,3.599188835467565
16,all,R2,Low,R2_OUT,3.0241909283701817e-06,1.3100606258953943e-06,-78.83950607325,-0.00010328453267160565,0.4677806243166946,0.2857142857142857,0.59375,3.6,3.599188835467565
16,all,R3,Low,R3_OUT,0.01914258158865281,0.008292446810161993,-0.8693798699732582,-0.007209286329578794,0.4677806243166946,0.2857142857142857,0.59375,3.6,3.599188835467565
16,all,R4,Low,R4_OUT,5.8001901143151855e-06,2.5126061387820913e-06,131.94981328391586,0.0003315379108683177,0.4677806243166946,0.2857142857142857,0.59375,3.6,3.599188835467565
16,all,R5,Medium,R5_OUT,2.379574295443522e-06,1.0308167257592352e-06,26.165995449867083,2.6972345755863033e-05,0.4677806243166946,0.2857142857142857,0.59375,3.6,3.599188835467565
16,all,R6,Medium,R6_OUT,0.02252907466534206,0.009759454464347667,-60.1912147520301,-0.5874334195262093,0.4677806243166946,0.2857142857142857,0.59375,3.6,3.599188835467565
16,all,R7,Medium,R7_OUT,6.8262953747077135e-06,2.957108530166768e-06,27.659107667063182,8.179098321907358e-05,0.4677806243166946,0.2857142857142857,0.59375,3.6,3.599188835467565
16,all,R8,Medium,R8_OUT,0.043209215044173445,0.018717962141274403,-6.011022115319229,-0.11251408438490851,0.4677806243166946,0.2857142857142857,0.59375,3.6,3.599188835467565
16,all,R9,High,R9_OUT,0.01772692539709042,0.007679193387908523,11.858330867183106,0.09106241598690405,0.4677806243166946,0.2857142857142857,0.59375,3.6,3.599188835467565
16,all,R10,High,R10_OUT,5.371247183627272e-06,2.326790739701697e-06,-21.596472386998514,-5.025047196029155e-05,0.4677806243166946,0.2857142857142857,0.59375,3.6,3.599188835467565
16,all,R11,Medium,R11_OUT,0.05085330980321103,0.02202933625806187,-77.5284894682673,-1.7079011640760686,0.4677806243166946,0.2857142857142857,0.59375,3.6,3.599188835467565
16,all,R12,Medium,R12_OUT,4.762320168142237e-06,2.063007358980805e-06,206.98769896270926,0.00042701714617857274,0.4677806243166946,0.2857142857142857,0.59375,3.6,3.599188835467565
16,all,R13,High,R13_OUT,5.604816996676129e-06,2.427971724209829e-06,234.6473047200616,0.0005697170210223571,0.4677806243166946,0.2857142857142857,0.59375,3.6,3.599188835467565
16,all,R14,High,R14_OUT,0.035477477841044464,0.015368621864981504,49.154052296047375,0.755430042869478,0.4677806243166946,0.2857142857142857,0.59375,3.6,3.599188835467565
16,all,R15,High,R15_OUT,0.0400137530043985,0.017333707939404742,-87.00037012574569,-1.5080390063797893,0.4677806243166946,0.2857142857142857,0.59375,3.6,3.599188835467565
16,all,R16,High,R16_OUT,0.2699629406129743,0.11694626011546018,15.452235213293235,1.807081118619064,0.4677806243166946,0.2857142857142857,0.59375,3.6,3.599188835467565
16,all,R17,High,R17_OUT,0.6580321456544308,0.28505541647792765,32.72090462838265,9.327271096378166,0.4677806243166946,0.2857142857142857,0.59375,3.6,3.599188835467565
16,all,R18,Very_High,R18_OUT,0.04175375946641894,0.018087467873446013,107.66558474059201,1.9473978050712373,0.4677806243166946,0.2857142857142857,0.59375,3.6,3.599188835467565
16,all,R19,Very_High,R19_OUT,0.6093685274831507,0.26397464096149575,-37.97352203276833,-10.024046844643468,0.4677806243166946,0.2857142857142857,0.59375,3.6,3.599188835467565
16,all,R20,Very_High,R20_OUT,0.5003298117938982,0.2167397502068712,16.687731803094664,3.616894822521998,0.4677806243166946,0.2857142857142857,0.59375,3.6,3.599188835467565
17,all,R1,Very_Low,R1_OUT,3.620373169348466e-06,3.7889124350604186e-06,-111.5478311323796,-0.00042264496448149273,0.8231972977824192,0.8571428571428571,0.25,11.8,-15.834145545969193
17,all,R2,Low,R2_OUT,0.00022608405494702435,0.0002366089480526733,-126.07652665384504,-0.0298308343457011,0.8231972977824192,0.8571428571428571,0.25,11.8,-15.834145545969193
17,all,R3,Low,R3_OUT,1.5424618872867737e-05,1.614268129823581e-05,-22.074657917209176,-0.00035634416752508563,0.8231972977824192,0.8571428571428571,0.25,11.8,-15.834145545969193
17,all,R4,Low,R4_OUT,5.60908886479433e-05,5.870208830710897e-05,159.06094150838598,0.009337209434637167,0.8231972977824192,0.8571428571428571,0.25,11.8,-15.834145545969193
17,all,R5,Medium,R5_OUT,0.0028587734623721603,0.002991857969865549,3.0106595336891218,0.009007465720419496,0.8231972977824192,0.8571428571428571,0.25,11.8,-15.834145545969193
17,all,R6,Medium,R6_OUT,0.0009632323016629573,0.0010080736639310143,-86.27887313255842,-0.08697545975857732,0.8231972977824192,0.8571428571428571,0.25,11.8,-15.834145545969193
17,all,R7,Medium,R7_OUT,0.003502748185870353,0.0036658116546361167,23.26156196813983,0.08527250496784723,0.8231972977824192,0.8571428571428571,0.25,11.8,-15.834145545969193
17,all,R8,Medium,R8_OUT,0.0002389755252193214,0.0002501005550600549,8.937593207295443,0.0022352970220455666,0.8231972977824192,0.8571428571428571,0.25,11.8,-15.834145545969193
17,all,R9,High,R9_OUT,0.012179819327545905,0.01274682656960274,-0.2550936349896773,-0.0032516343242229616,0.8231972977824192,0.8571428571428571,0.25,11.8,-15.834145545969193
17,all,R10,High,R10_OUT,0.04429133032616898,0.04635322503740435,-36.38854201332588,-1.6867262767267373,0.8231972977824192,0.8571428571428571,0.25,11.8,-15.834145545969193
17,all,R11,Medium,R11_OUT,0.014923477013946114,0.015618209777710442,-69.79677443686523,-1.090100664962499,0.8231972977824192,0.8571428571428571,0.25,11.8,-15.834145545969193
17,all,R12,Medium,R12_OUT,0.0001370392846495562,0.0001434188757381411,253.0158493111736,0.03628724865213944,0.8231972977824192,0.8571428571428571,0.25,11.8,-15.834145545969193
17,all,R13,High,R13_OUT,0.008557791064998658,0.008956181991774514,281.81502558737685,2.5239866571771383,0.8231972977824192,0.8571428571428571,0.25,11.8,-15.834145545969193
17,all,R14,High,R14_OUT,0.0005838565908691234,0.0006110368721559485,78.58482333740994,0.04801822465101876,0.8231972977824192,0.8571428571428571,0.25,11.8,-15.834145545969193
17,all,R15,High,R15_OUT,0.18870344511375103,0.19748815834332975,-87.36200305950705,-17.252961093406384,0.8231972977824192,0.8571428571428571,0.25,11.8,-15.834145545969193
17,all,R16,High,R16_OUT,0.01180567595121552,0.0123552656932059,-2.059091037293797,-0.0254406168522638,0.8231972977824192,0.8571428571428571,0.25,11.8,-15.834145545969193
17,all,R17,High,R17_OUT,0.00023163460270960308,0.00024241789051669452,55.42477651711488,0.013435957405638216,0.8231972977824192,0.8571428571428571,0.25,11.8,-15.834145545969193
17,all,R18,Very_High,R18_OUT,0.0364605137085889,0.03815786034123783,158.30860808218367,6.040717758015719,0.8231972977824192,0.8571428571428571,0.25,11.8,-15.834145545969193
17,all,R19,Very_High,R19_OUT,0.1829067955755793,0.1914216573254751,-56.935344671316784,-10.898658037380615,0.8231972977824192,0.8571428571428571,0.25,11.8,-15.834145545969193
17,all,R20,Very_High,R20_OUT,0.4468714443185966,0.46767465480826276,13.83927837724437,6.472279737873215,0.8231972977824192,0.8571428571428571,0.25,11.8,-15.834145545969193
18,all,R1,Very_Low,R1_OUT,0.6526557914448647,0.2611116583559231,-60.240582855882096,-15.729518489826763,0.0,0.1269841269841269,0.0,0.5,0.500005552322623
18,all,R2,Low,R2_OUT,0.30030198976848677,0.12014349919801053,-23.77591219248833,-2.8565212874301906,0.0,0.1269841269841269,0.0,0.5,0.500005552322623
18,all,R3,Low,R3_OUT,0.2883904172745824,0.11537796966731469,11.265230583179532,1.2997594325213937,0.0,0.1269841269841269,0.0,0.5,0.500005552322623
18,all,R4,Low,R4_OUT,0.11045204609868507,0.04418916878341821,72.27105625595398,3.193597903050263,0.0,0.1269841269841269,0.0,0.5,0.500005552322623
18,all,R5,Medium,R5_OUT,0.2720338326917857,0.10883409925133636,69.6599566801032,7.581378639166144,0.0,0.1269841269841269,0.0,0.5,0.500005552322623
18,all,R6,Medium,R6_OUT,0.13269508563770627,0.05308806620690156,-10.300397443937065,-0.5468281814611305,0.0,0.1269841269841269,0.0,0.5,0.500005552322623
18,all,R7,Medium,R7_OUT,0.05082153510659196,0.02033245622857087,-32.85852686749833,-0.6680945592687296,0.0,0.1269841269841269,0.0,0.5,0.500005552322623
18,all,R8,Medium,R8_OUT,0.048805682996719585,0.01952596298311328,-0.043307365354430416,-0.0008456180128067707,0.0,0.1269841269841269,0.0,0.5,0.500005552322623
18,all,R9,High,R9_OUT,0.12020417431539103,0.04809075734593815,50.58051949236305,2.4324554893387265,0.0,0.1269841269841269,0.0,0.5,0.500005552322623
18,all,R10,High,R10_OUT,0.04603758033366565,0.018418512645088477,-60.297820136420235,-1.1105961626539267,0.0,0.1269841269841269,0.0,0.5,0.500005552322623
18,all,R11,Medium,R11_OUT,0.0224566209448293,0.008984346132888165,-63.756655772687466,-0.5728118637372265,0.0,0.1269841269841269,0.0,0.5,0.500005552322623
18,all,R12,Medium,R12_OUT,0.04807268807401805,0.019232709598493252,138.66967763550835,2.6669936400804066,0.0,0.1269841269841269,0.0,0.5,0.500005552322623
18,all,R13,High,R13_OUT,0.022119353066932804,0.00884941348376116,141.80572581454888,1.2548975020978068,0.0,0.1269841269841269,0.0,0.5,0.500005552322623
18,all,R14,High,R14_OUT,0.021241981998635324,0.008498398725844902,41.990745376607705,0.35685409700584064,0.0,0.1269841269841269,0.0,0.5,0.500005552322623
18,all,R15,High,R15_OUT,0.02034272456748673,0.00813862776814563,-69.90227042126091,-0.5689085591068989,0.0,0.1269841269841269,0.0,0.5,0.500005552322623
18,all,R16,High,R16_OUT,0.20202506009437476,0.08082529744188065,50.73856417435633,4.1009595411663,0.0,0.1269841269841269,0.0,0.5,0.500005552322623
18,all,R17,High,R17_OUT,0.08202686051890963,0.03281694556391883,4.073958181850363,0.1336948638834651,0.0,0.1269841269841269,0.0,0.5,0.500005552322623
18,all,R18,Very_High,R18_OUT,0.00977392607931137,0.003910309355513922,75.25929652887842,0.2942871313062697,0.0,0.1269841269841269,0.0,0.5,0.500005552322623
18,all,R19,Very_High,R19_OUT,0.034189662519096116,0.013678449798517874,-62.43340520320517,-0.8539921988225665,0.0,0.1269841269841269,0.0,0.5,0.500005552322623
18,all,R20,Very_High,R20_OUT,0.014880566179534278,0.005953351465420188,15.662477441127699,0.09324423302624822,0.0,0.1269841269841269,0.0,0.5,0.500005552322623
19,all,R1,Very_Low,R1_OUT,0.015553988893863231,0.006699463865857406,-61.72966470108083,-0.4135556581163844,0.1373300915425158,0.0793650793650793,0.375,6.1,6.099749243570898
19,all,R2,Low,R2_OUT,0.005475132527252415,0.0023582666014105376,-38.21672176620289,-0.0901252185566354,0.1373300915425158,0.0793650793650793,0.375,6.1,6.099749243570898
19,all,R3,Low,R3_OUT,0.5588883822780351,0.2407261923400548,10.467419207334139,2.519781969408702,0.1373300915425158,0.0793650793650793,0.375,6.1,6.099749243570898
19,all,R4,Low,R4_OUT,0.0056684685146736555,0.0024415408965471055,94.66676078250588,0.23113276799412977,0.1373300915425158,0.0793650793650793,0.375,6.1,6.099749243570898
19,all,R5,Medium,R5_OUT,0.005589859935599847,0.002407682357837517,55.49670866009551,0.1336184463589605,0.1373300915425158,0.0793650793650793,0.375,6.1,6.099749243570898
19,all,R6,Medium,R6_OUT,0.19673332556648918,0.08473760749325661,-27.777431245359466,-2.3537930660401924,0.1373300915425158,0.0793650793650793,0.375,6.1,6.099749243570898
19,all,R7,Medium,R7_OUT,0.0019953477243796224,0.0008594425565377819,-3.0844056943991944,-0.002650869515394136,0.1373300915425158,0.0793650793650793,0.375,6.1,6.099749243570898
19,all,R8,Medium,R8_OUT,0.203680304761557,0.08772983260102833,-6.767322255820151,-0.5936960486603152,0.1373300915425158,0.0793650793650793,0.375,6.1,6.099749243570898
19,all,R9,High,R9_OUT,0.20085572889927963,0.08651322224757962,35.46612578660415,3.0682888224370997,0.1373300915425158,0.0793650793650793,0.375,6.1,6.099749243570898
19,all,R10,High,R10_OUT,0.0020371587804646697,0.0008774515484013179,-38.56534790864258,-0.03383922423707396,0.1373300915425158,0.0793650793650793,0.375,6.1,6.099749243570898
19,all,R11,Medium,R11_OUT,0.07169714916028226,0.03088162550211239,-73.02212399105971,-2.2550418864607225,0.1373300915425158,0.0793650793650793,0.375,6.1,6.099749243570898
19,all,R12,Medium,R12_OUT,0.002704868093248057,0.0011650494401327248,161.01124361620316,0.18758605923013125,0.1373300915425158,0.0793650793650793,0.375,6.1,6.099749243570898
19,all,R13,High,R13_OUT,0.0009521359041932125,0.0004101070232887094,175.56129704545856,0.0719989209360179,0.1373300915425158,0.0793650793650793,0.375,6.1,6.099749243570898
19,all,R14,High,R14_OUT,0.09719174696770698,0.04186274024707649,38.375239510942585,1.6064926835659359,0.1373300915425158,0.0793650793650793,0.375,6.1,6.099749243570898
19,all,R15,High,R15_OUT,0.0731995106224232,0.03152872743832639,-78.75043532156437,-2.482901010903154,0.1373300915425158,0.0793650793650793,0.375,6.1,6.099749243570898
19,all,R16,High,R16_OUT,0.3311551125782208,0.14263618971639208,38.849119926030795,5.541290440084197,0.1373300915425158,0.0793650793650793,0.375,6.1,6.099749243570898
19,all,R17,High,R17_OUT,0.3358120508830636,0.14464204108427695,12.555687814827575,1.8160803127536456,0.1373300915425158,0.0793650793650793,0.375,6.1,6.099749243570898
19,all,R18,Very_High,R18_OUT,0.034212297490666954,0.014736030247335387,78.65980814405808,1.1591333120604381,0.1373300915425158,0.0793650793650793,0.375,6.1,6.099749243570898
19,all,R19,Very_High,R19_OUT,0.12068559016802911,0.05198208356567548,-46.48371594279877,-2.416320406581687,0.1373300915425158,0.0793650793650793,0.375,6.1,6.099749243570898
19,all,R20,Very_High,R20_OUT,0.057588500547419375,0.02480470322687232,16.378704235939665,0.40626889781319997,0.1373300915425158,0.0793650793650793,0.375,6.1,6.099749243570898
